"Company Name (Click to sort V)","AMB","Product Name (Click to sort V)"," Annual"," Quarterly",""
"10 Year Level Term Guaranteed","","","","",""
"Centrian Life Insurance                 ","A+","T-10/10 - 10 Year Term Guaranteed 10","83.00","21.58","P+"
"Ohio National Life Assurance Corporation","A+","FlexTerm Series VII - 10 Year","83.00","22.41","P+"
"Savings Bank Life Insurance Co of MA    ","A+","T-10/10 - 10 Year Term Guaranteed 10","83.00","21.58","P+"
"Savings Bank Life Insurance Co of MA    ","A+","T-10/10 - 10 Year Term Guaranteed (OR)","83.00","21.58","P+"
"Ohio National Life Assurance Corporation","A+","FlexTerm Series VII - 10 Year Plus","84.00","22.68","P+"
"Genworth Life Insurance Company of NY   ","A","Colony Term UL 10  (50K-199K)","85.49","21.65","P+"
"Centrian Life Insurance                 ","A+","T-10/10 - 10 Year Term Guaranteed 10","91.00","23.66","Pf"
"Savings Bank Life Insurance Co of MA    ","A+","T-10/10 - 10 Year Term Guaranteed 10","91.00","23.66","Pf"
"Savings Bank Life Insurance Co of MA    ","A+","T-10/10 - 10 Year Term Guaranteed (OR)","91.00","23.66","Pf"
"Ohio National Life Assurance Corporation","A+","FlexTerm Series VII - 10 Year","93.00","25.11","Pf"
"Ohio National Life Assurance Corporation","A+","FlexTerm Series VII - 10 Year Plus","95.00","25.65","Pf"
"Genworth Life Insurance Company of NY   ","A","Colony Term UL 10  (50K-199K)","96.55","24.43","Pf"
"Cincinnati Life Insurance Company       ","A","LifeHorizons Termsetter 10","99.00","26.24","P+"
"Gleaner Life Insurance Society          ","A-","Gleaner Term - 10-Year","100.00","26.00","P+"
"Security Mutual Life Insurance Co of NY ","A-","LT Security Plus 10-Year","101.00","27.27","P+"
"Security Mutual Life Insurance Co of NY ","A-","LT Protector 10-Year","101.00","26.77","P+"
"Security Mutual Life Insurance Co of NY ","A-","LT Security Plus 10-Year  (NY)","101.00","27.27","P+"
"AAA Life Insurance Company              ","A-","10 Year Level Term","102.00","26.52","P+"
"Banner Life Insurance Company           ","A+","OPTerm 10 - 10 Year Term","102.00","26.52","P+"
"Banner Life Insurance Company           ","A+","OPTerm 10 - 10 Year Term  (OR)","102.00","26.52","P+"
"Transamerica Life Insurance Company     ","A+","TransTerm UL 10","102.00","25.92","P+"
"William Penn Life Insurance Co of NY    ","A+","Penn Term 10","102.00","26.52","P+"
"Protective Life Insurance Company       ","A+","Secure-T - 10 Year No Lapse UL","102.46","25.89","P+"
"Ameritas Life Insurance Corp            ","A","Keystone Term 10","103.00","26.58","P+"
"Ameritas Life Insurance Corp of New York","A","Keystone Term 10","103.00","26.58","P+"
"Illinois Mutual Life Insurance Company  ","B+","10-Year Term","103.00","27.30","P+"
"Minnesota Life Insurance Company        ","A+","Advantage Elite Term Life - 10 Year","103.00","26.78","P+"
"Securian Life Insurance Company         ","A+","Advantage Elite Term Life - 10 Year","103.00","26.78","P+"
"Union Central Life Insurance Company    ","A","Keystone Term 10  (WA)","103.00","26.58","P+"
"Genworth Life and Annuity Insurance Co  ","A","Colony Term UL 10  (50K-199K)","103.56","26.21","P+"
"Genworth Life Insurance Company         ","A","Colony Term UL 10  (50K-199K)","103.56","26.21","P+"
"Midland National Life Insurance Company ","A+","Premier CS4 - 10 Year Term","105.00","28.68","P+"
"North American Co for Life and Health   ","A+","ADDvantage 10","105.00","29.93","P+"
"Sagicor Life Insurance Company          ","A-","Platinum Series 10","105.00","27.83","P+"
"Security Mutual Life Insurance Co of NY ","A-","Premier LT Suite 10-Year  (4/2007)","105.00","27.83","P+"
"Minnesota Life Insurance Company        ","A+","Advantage Elite Term Life - 10 Year","106.00","27.56","Pf"
"Securian Life Insurance Company         ","A+","Advantage Elite Term Life - 10 Year","106.00","27.56","Pf"
"Centrian Life Insurance                 ","A+","T-10/10 - 10 Year Term Guaranteed 10","107.00","27.82","R+"
"EMC National Life Company               ","B++","Term Select - 10 Year","107.00","28.36","P+"
"Ohio National Life Assurance Corporation","A+","FlexTerm Series VII - 10 Year","107.00","28.89","R+"
"Savings Bank Life Insurance Co of MA    ","A+","T-10/10 - 10 Year Term Guaranteed 10","107.00","27.82","R+"
"Savings Bank Life Insurance Co of MA    ","A+","T-10/10 - 10 Year Term Guaranteed (OR)","107.00","27.82","R+"
"Cincinnati Life Insurance Company       ","A","LifeHorizons Termsetter 10","108.00","28.62","Pf"
"Hartford Life and Annuity Insurance Co  ","A","Hartford Bicentennial Term 10","108.00","28.08","P+"
"Hartford Life Insurance Company         ","A","Hartford Bicentennial Term 10","108.00","28.08","P+"
"TIAA-CREF Life Insurance Company        ","A++","10-Year Level Term","108.00","28.08","P+"
"TIAA-CREF Life Insurance Company        ","A++","10-Year Level Term  (NY)","108.00","28.08","P+"
"New York Life Insurance Company         ","A++","10 Year Level Term (20LCT)","109.00","32.14","P+"
"Ohio National Life Assurance Corporation","A+","FlexTerm Series VII - 10 Year Plus","109.00","29.43","R+"
"Gleaner Life Insurance Society          ","A-","Gleaner Term - 10-Year","110.00","28.60","P+"
"Transamerica Financial Life Insurance Co","A+","Trendsetter Super 10","110.00","28.60","P+"
"AAA Life Insurance Company              ","A-","10 Year Level Term","111.00","28.86","Pf"
"Banner Life Insurance Company           ","A+","OPTerm 10 - 10 Year Term","111.00","28.86","Pf"
"Banner Life Insurance Company           ","A+","OPTerm 10 - 10 Year Term  (OR)","111.00","28.86","Pf"
"National Life Insurance Co of Vermont   ","A","GL-10 - 10 Year Level Term","111.00","28.86","P+"
"National Life Insurance Co of Vermont   ","A","GL-10 - 10 Year Level Term  (NY)","111.00","28.86","P+"
"Security Mutual Life Insurance Co of NY ","A-","LT Security Plus 10-Year","111.00","29.97","Pf"
"Security Mutual Life Insurance Co of NY ","A-","LT Protector 10-Year","111.00","29.42","Pf"
"Security Mutual Life Insurance Co of NY ","A-","LT Security Plus 10-Year  (NY)","111.00","29.97","Pf"
"William Penn Life Insurance Co of NY    ","A+","Penn Term 10","111.00","28.86","Pf"
"Genworth Life Insurance Company of NY   ","A","Colony Term UL 10  (50K-199K)","111.79","28.29","R+"
"American General Life Insurance Company ","A","Select-a-Term - 10 Year  (MS)","112.00","29.68","P+"
"Ameritas Life Insurance Corp            ","A","Keystone Term 10","112.00","28.92","Pf"
"Ameritas Life Insurance Corp of New York","A","Keystone Term 10","112.00","28.92","Pf"
"Protective Life & Annuity Insurance Co  ","A+","Empire Term - 10 Year","112.00","29.68","P+"
"ReliaStar Life Insurance Company  (ING) ","A","TermSmart 10 - 10 Year Term","112.00","29.68","P+"
"ReliaStar Life Insurance Company  (ING) ","A","TermSmart 10 - 10 Year Term  (OR)","112.00","29.68","P+"
"ReliaStar Life Insurance of NY    (ING) ","A","TermSmart 10 - 10 Year Term  (NY)","112.00","29.68","P+"
"Union Central Life Insurance Company    ","A","Keystone Term 10  (WA)","112.00","28.92","Pf"
"Ohio National Life Assurance Corporation","A+","FlexTerm Series VII - 10 Year","114.00","30.78","Rg"
"Royal Neighbors of America              ","A-","Royal Advantage 10 - 10 Year Level Term","114.00","30.21","P+"
"Sagicor Life Insurance Company          ","A-","Platinum Series 10","114.00","30.21","Pf"
"Symetra Life Insurance Company          ","A","10 Year Level Term","115.00","30.48","Pf"
"Symetra Life Insurance Company          ","A","10 Year Level Term  (WA)","115.00","30.48","Pf"
"Transamerica Life Insurance Company     ","A+","TransTerm UL 10","116.00","29.46","Pf"
"Protective Life Insurance Company       ","A+","Secure-T - 10 Year No Lapse UL","116.50","29.44","Pf"
"Ohio National Life Assurance Corporation","A+","FlexTerm Series VII - 10 Year Plus","118.00","31.86","Rg"
"Illinois Mutual Life Insurance Company  ","B+","10-Year Term","119.00","31.54","Pf"
"Sunset Life Insurance Company of America","A-","Term 10 - 10 Year Term","119.00","32.13","P+"
"Genworth Life and Annuity Insurance Co  ","A","Colony Term UL 10  (50K-199K)","119.25","30.17","Pf"
"Genworth Life Insurance Company         ","A","Colony Term UL 10  (50K-199K)","119.25","30.17","Pf"
"Companion Life Insurance Company of NY  ","A+","Term Life Answers 10","119.50","32.86","P+"
"United of Omaha Life Insurance Company  ","A+","Term Life Answers 10","119.50","32.86","P+"
"Cincinnati Life Insurance Company       ","A","LifeHorizons Termsetter 10","120.00","31.80","R+"
"EMC National Life Company               ","B++","Term Select - 10 Year","120.00","31.80","Pf"
"First MetLife Investors Insurance Co    ","A+","Guaranteed Level Term 10  (Rapid eUW)","120.00","32.40","R+"
"MetLife Investors USA Insurance Company ","A+","Guaranteed Level Term 10","120.00","32.40","R+"
"MetLife Investors USA Insurance Company ","A+","Guaranteed Level Term 10  (Rapid eUW)","120.00","32.40","R+"
"Midland National Life Insurance Company ","A+","Executive CS3 - 10 Year Term","120.00","34.02","P+"
"ReliaStar Life Insurance Company  (ING) ","A","TermSmart 10 - 10 Year Term","120.00","31.80","Pf"
"ReliaStar Life Insurance Company  (ING) ","A","TermSmart 10 - 10 Year Term  (OR)","120.00","31.80","Pf"
"ReliaStar Life Insurance of NY    (ING) ","A","TermSmart 10 - 10 Year Term  (NY)","120.00","31.80","Pf"
"Security Mutual Life Insurance Co of NY ","A-","Premier LT Suite 10-Year  (4/2007)","120.00","31.80","Pf"
"American National Insurance Company     ","A","ANICO Select 10","121.00","32.07","P+"
"National Life Insurance Co of Vermont   ","A","GL-10 - 10 Year Level Term","121.00","31.46","Pf"
"National Life Insurance Co of Vermont   ","A","GL-10 - 10 Year Level Term  (NY)","121.00","31.46","Pf"
"Pan-American Life Insurance Company     ","A","Sentinel Series 10 - 10-Year Term","121.00","31.46","P+"
"Companion Life Insurance Company of NY  ","A+","Term Life Answers 10","121.50","33.41","Pf"
"United of Omaha Life Insurance Company  ","A+","Term Life Answers 10","121.50","33.41","Pf"
"American General Life Insurance Company ","A","Select-a-Term - 10 Year","122.00","32.33","P+"
"New York Life Insurance Company         ","A++","10 Year Level Term (20LCT)","122.00","35.58","Pf"
"Protective Life & Annuity Insurance Co  ","A+","Empire Term - 10 Year","122.00","32.33","Pf"
"TIAA-CREF Life Insurance Company        ","A++","10-Year Level Term","122.00","31.72","Pf"
"TIAA-CREF Life Insurance Company        ","A++","10-Year Level Term  (NY)","122.00","31.72","Pf"
"United States Life Ins in the City of NY","A","Select-a-Term - 10 Year","122.00","32.33","P+"
"Banner Life Insurance Company           ","A+","OPTerm 10 - 10 Year Term","123.00","31.98","R+"
"Banner Life Insurance Company           ","A+","OPTerm 10 - 10 Year Term  (OR)","123.00","31.98","R+"
"Centrian Life Insurance                 ","A+","T-10/10 - 10 Year Term Guaranteed 10","123.00","31.98","Rg"
"Minnesota Life Insurance Company        ","A+","Advantage Elite Term Life - 10 Year","123.00","31.98","R+"
"Royal Neighbors of America              ","A-","Royal Advantage 10 - 10 Year Level Term","123.00","32.60","Pf"
"Savings Bank Life Insurance Co of MA    ","A+","T-10/10 - 10 Year Term Guaranteed 10","123.00","31.98","Rg"
"Savings Bank Life Insurance Co of MA    ","A+","T-10/10 - 10 Year Term Guaranteed (OR)","123.00","31.98","Rg"
"Securian Life Insurance Company         ","A+","Advantage Elite Term Life - 10 Year","123.00","31.98","R+"
"William Penn Life Insurance Co of NY    ","A+","Penn Term 10","123.00","31.98","R+"
"American General Life Insurance Company ","A","Select-a-Term - 10 Year  (MS)","124.00","32.86","Pf"
"Gleaner Life Insurance Society          ","A-","Gleaner Term - 10-Year","124.00","32.24","Pf"
"AAA Life Insurance Company              ","A-","10 Year Level Term","125.00","32.50","R+"
"Motorists Life Insurance Company        ","A-","Value Term Plus - 10-Year Plan","125.00","32.50","P+"
"Protective Life Insurance Company       ","A+","Secure-T - 10 Year No Lapse UL  (OR)","125.15","31.62","P+"
"Transamerica Financial Life Insurance Co","A+","Trendsetter Super 10","126.00","32.76","Pf"
"Jackson National Life Insurance Company ","A+","Protector 10-Year Term","128.00","34.56","P+"
"Transamerica Life Insurance Company     ","A+","TransTerm UL 10","128.00","32.52","R+"
"American National Insurance Company     ","A","ANICO Select 10","129.00","34.19","Pf"
"Ameritas Life Insurance Corp            ","A","Keystone Term 10","129.00","33.34","R+"
"Ameritas Life Insurance Corp of New York","A","Keystone Term 10","129.00","33.34","R+"
"Aviva Life and Annuity Company          ","A","10 Year Term 01-2010","129.00","33.54","Pf"
"Aviva Life and Annuity of New York      ","A","Term 10 01-2010","129.00","33.54","Pf"
"Provident Life and Accident Assurance   ","A","Level Term I - 10 Year","129.00","33.54","P+"
"Union Central Life Insurance Company    ","A","Keystone Term 10  (WA)","129.00","33.34","R+"
"Genworth Life and Annuity Insurance Co  ","A","Colony Term UL 10  (50K-199K)","130.82","33.09","R+"
"Genworth Life Insurance Company         ","A","Colony Term UL 10  (50K-199K)","130.82","33.09","R+"
"ReliaStar Life Insurance Company  (ING) ","A","TermSmart 10 - 10 Year Term","131.00","34.72","R+"
"ReliaStar Life Insurance Company  (ING) ","A","TermSmart 10 - 10 Year Term  (OR)","131.00","34.72","R+"
"ReliaStar Life Insurance of NY    (ING) ","A","TermSmart 10 - 10 Year Term  (NY)","131.00","34.72","R+"
"Protective Life Insurance Company       ","A+","Secure-T - 10 Year No Lapse UL  (NV)","131.31","34.84","P+"
"Genworth Life Insurance Company of NY   ","A","Colony Term UL 10  (50K-199K)","131.86","33.37","Rg"
"Midland National Life Insurance Company ","A+","Premier CS4 - 10 Year Term","132.00","35.89","Pf"
"North American Co for Life and Health   ","A+","ADDvantage 10","132.00","37.62","Pf"
"Sunset Life Insurance Company of America","A-","Term 10 - 10 Year Term","132.00","35.64","Pf"
"American Community Mutual Insurance     ","E","Term 10 Level Term Life","134.00","34.84","Pf"
"American General Life Insurance Company ","A","Select-a-Term - 10 Year","134.00","35.51","Pf"
"Cincinnati Life Insurance Company       ","A","LifeHorizons Termsetter 10","134.00","35.51","Rg"
"Motorists Life Insurance Company        ","A-","Value Term Plus - 10-Year Plan","134.00","34.84","P+"
"New York Life Insurance Company         ","A++","10 Year Level Term (20LCT)","134.00","38.77","Rg"
"Symetra Life Insurance Company          ","A","10 Year Level Term","134.00","35.51","Rg"
"Symetra Life Insurance Company          ","A","10 Year Level Term  (WA)","134.00","35.51","Rg"
"Trustmark Insurance Company             ","A-","TermNet 10-Year Term","134.00","34.84","Pf"
"United States Life Ins in the City of NY","A","Select-a-Term - 10 Year","134.00","35.51","Pf"
"Illinois Mutual Life Insurance Company  ","B+","10-Year Term","135.00","35.78","R+"
"Pan-American Life Insurance Company     ","A","Sentinel Series 10 - 10-Year Term","136.00","35.36","Pf"
"Security Mutual Life Insurance Co of NY ","A-","LT Security Plus 10-Year","136.00","36.72","R+"
"Security Mutual Life Insurance Co of NY ","A-","LT Security Plus 10-Year  (NY)","136.00","36.72","R+"
"MTL Insurance Company                   ","A-","SelecTerm-10  (NV, NJ, OR)","138.00","36.23","P+"
"Banner Life Insurance Company           ","A+","OPTerm 10 - 10 Year Term","139.00","36.14","Rg"
"Banner Life Insurance Company           ","A+","OPTerm 10 - 10 Year Term  (OR)","139.00","36.14","Rg"
"EMC National Life Company               ","B++","Term Select - 10 Year","139.00","36.84","R+"
"Transamerica Financial Life Insurance Co","A+","Trendsetter Super 10","139.00","36.14","R+"
"William Penn Life Insurance Co of NY    ","A+","Penn Term 10","139.00","36.14","Rg"
"American General Life Insurance Company ","A","Select-a-Term - 10 Year  (MS)","140.00","37.10","R+"
"Minnesota Life Insurance Company        ","A+","Advantage Elite Term Life - 10 Year","140.00","36.40","Rg"
"Securian Life Insurance Company         ","A+","Advantage Elite Term Life - 10 Year","140.00","36.40","Rg"
"Protective Life Insurance Company       ","A+","Secure-T - 10 Year No Lapse UL  (OR)","140.08","35.39","Pf"
"Jackson National Life Insurance Company ","A+","Protector 10-Year Term","141.00","38.07","Pf"
"Midland National Life Insurance Company ","A+","Executive CS3 - 10 Year Term","141.00","39.63","Pf"
"Protective Life Insurance Company       ","A+","Secure-T - 10 Year No Lapse UL  (OR)","141.09","35.65","Rg"
"TIAA-CREF Life Insurance Company        ","A++","10-Year Level Term","141.65","36.83","Rg"
"TIAA-CREF Life Insurance Company        ","A++","10-Year Level Term  (NY)","141.65","36.83","Rg"
"Ameritas Life Insurance Corp            ","A","Keystone Term 10","142.00","36.72","Rg"
"Ameritas Life Insurance Corp of New York","A","Keystone Term 10","142.00","36.72","Rg"
"Illinois Mutual Life Insurance Company  ","B+","10-Year Term","142.00","37.63","Rg"
"Security Mutual Life Insurance Co of NY ","A-","Premier LT Suite 10-Year  (4/2007)","142.00","37.63","Rg"
"Transamerica Life Insurance Company     ","A+","TransTerm UL 10","142.00","36.06","Rg"
"Union Central Life Insurance Company    ","A","Keystone Term 10  (WA)","142.00","36.72","Rg"
"Midland National Life Insurance Company ","A+","Premier CS4 - 10 Year Term","143.00","38.83","Rg"
"North American Co for Life and Health   ","A+","ADDvantage 10","143.00","40.76","Rg"
"Protective Life & Annuity Insurance Co  ","A+","Empire Term - 10 Year","143.00","37.90","Rg"
"Royal Neighbors of America              ","A-","Royal Advantage 10 - 10 Year Level Term","143.00","37.90","Rg"
"Protective Life Insurance Company       ","A+","Secure-T - 10 Year No Lapse UL","143.54","36.27","Rg"
"AAA Life Insurance Company              ","A-","10 Year Level Term","144.00","37.44","Rg"
"Household Life Insurance Company        ","A-","10 Year Term","144.00","38.88","Pf"
"Symetra Life Insurance Company          ","A","10 Year Level Term  (2005)","144.00","38.16","Pf"
"Massachusetts Mutual Life Insurance     ","A++","Vantage Term 10","145.00","37.54","P+"
"Provident Life and Accident Assurance   ","A","Level Term II - 10 Year","145.00","37.70","P+"
"Provident Life and Accident Assurance   ","A","Level Term I - 10 Year","145.00","37.70","Pf"
"Woman's Life Insurance Society          ","","Ten Year Renewable and Convertible Term","145.00","40.60","P+"
"Protective Life Insurance Company       ","A+","Secure-T - 10 Year No Lapse UL  (NV)","146.98","39.00","Pf"
"Assurity Life Insurance Company         ","A-","Non Med Term 350 - 10 Year Level","147.00","38.81","P+"
"Gleaner Life Insurance Society          ","A-","Gleaner Term - 10-Year","147.00","38.22","Rg"
"MTL Insurance Company                   ","A-","SelecTerm-10","148.00","38.85","P+"
"Security Mutual Life Insurance Co of NY ","A-","LT Protector 10-Year","148.00","39.22","Rg"
"Protective Life Insurance Company       ","A+","Secure-T - 10 Year No Lapse UL  (NV)","148.04","39.28","Rg"
"Pan-American Life Insurance Company     ","A","10-Year Level Term","149.00","38.74","Pf"
"American General Life Insurance Company ","A","Select-a-Term - 10 Year","150.00","39.75","R+"
"American National Insurance Company     ","A","ANICO Select 10","150.00","39.75","R+"
"Aviva Life and Annuity Company          ","A","10 Year Term 01-2010","150.00","39.00","R+"
"Aviva Life and Annuity of New York      ","A","Term 10 01-2010","150.00","39.00","R+"
"Security Mutual Life Insurance Co of NY ","A-","LT Security Plus 10-Year","150.00","40.50","Rg"
"Security Mutual Life Insurance Co of NY ","A-","LT Security Plus 10-Year  (NY)","150.00","40.50","Rg"
"United States Life Ins in the City of NY","A","Select-a-Term - 10 Year","150.00","39.75","R+"
"Woman's Life Insurance Society          ","","Ten Year Renewable and Convertible Term","152.00","42.56","Pf"
"American General Life Insurance Company ","A","Select-a-Term - 10 Year  (MS)","153.00","40.55","Rg"
"Motorists Life Insurance Company        ","A-","Value Term Plus - 10-Year Plan","153.00","39.78","Pf"
"Columbian Life Insurance Company        ","A-","Term Line 10 - 10 Year R&C Term","154.00","40.81","Pf"
"Columbian Mutual Life Insurance Company ","A-","Term Line 10 - 10 Year R&C Term","154.00","40.81","Pf"
"MTL Insurance Company                   ","A-","SelecTerm-10  (NV, NJ, OR)","155.00","40.69","Pf"
"Transamerica Financial Life Insurance Co","A+","Trendsetter Super 10","155.00","40.30","Rg"
"Genworth Life and Annuity Insurance Co  ","A","Colony Term UL 10  (50K-199K)","155.64","39.37","Rg"
"Genworth Life Insurance Company         ","A","Colony Term UL 10  (50K-199K)","155.64","39.37","Rg"
"EMC National Life Company               ","B++","Term Select - 10 Year","156.00","41.34","Rg"
"Pan-American Life Insurance Company     ","A","Sentinel Series 10 - 10-Year Term","156.00","40.56","Rg"
"Sunset Life Insurance Company of America","A-","Term 10 - 10 Year Term","158.00","42.66","Rg"
"American Community Mutual Insurance     ","E","Term 10 Level Term Life","159.00","41.34","Rg"
"Pruco Life Insurance Company            ","A+","Term Essential 10 (<250K PruXpress ONLY)","159.00","42.14","P+"
"Pruco Life Insurance Company            ","A+","Term Essential 10 (<250K PruXpress / WA)","159.00","42.14","P+"
"Pruco Life Insurance Co of New Jersey   ","A+","Term Essential 10 (NY/<250K PruXpress)","159.00","42.14","P+"
"Massachusetts Mutual Life Insurance     ","A++","Vantage Term 10","160.00","41.42","Pf"
"Trustmark Insurance Company             ","A-","TermNet 10-Year Term","160.00","41.60","Rg"
"Provident Life and Accident Assurance   ","A","Level Term I - 10 Year","161.00","41.86","Pf"
"Provident Life and Accident Assurance   ","A","Level Term II - 10 Year","162.00","42.12","Pf"
"Sagicor Life Insurance Company          ","A-","Platinum Series 10","162.00","42.93","Rg"
"Companion Life Insurance Company of NY  ","A+","Term Life Answers 10","162.50","44.69","R+"
"United of Omaha Life Insurance Company  ","A+","Term Life Answers 10","162.50","44.69","R+"
"Aviva Life and Annuity Company          ","A","10 Year Term 01-2010","163.00","42.38","Rg"
"Aviva Life and Annuity of New York      ","A","Term 10 01-2010","163.00","42.38","Rg"
"Northwestern Mutual Life Insurance      ","A++","TT Level Term 10","163.00","43.94","P+"
"Hartford Life and Annuity Insurance Co  ","A","Hartford Bicentennial Term 10","164.00","42.64","P+"
"Hartford Life Insurance Company         ","A","Hartford Bicentennial Term 10","164.00","42.64","P+"
"MTL Insurance Company                   ","A-","SelecTerm-10","165.00","43.31","Pf"
"ReliaStar Life Insurance Company  (ING) ","A","TermSmart 10 - 10 Year Term","165.00","43.73","Rg"
"ReliaStar Life Insurance Company  (ING) ","A","TermSmart 10 - 10 Year Term  (OR)","165.00","43.73","Rg"
"ReliaStar Life Insurance of NY    (ING) ","A","TermSmart 10 - 10 Year Term  (NY)","165.00","43.73","Rg"
"American National Insurance Company     ","A","ANICO Select 10","166.00","43.99","Rg"
"Companion Life Insurance Company of NY  ","A+","Term Life Answers 10","166.50","45.79","Rg"
"United of Omaha Life Insurance Company  ","A+","Term Life Answers 10","166.50","45.79","Rg"
"National Life Insurance Co of Vermont   ","A","GL-10 - 10 Year Level Term","167.00","43.42","Rg"
"National Life Insurance Co of Vermont   ","A","GL-10 - 10 Year Level Term  (NY)","167.00","43.42","Rg"
"American General Life Insurance Company ","A","Select-a-Term - 10 Year","168.00","44.52","Rg"
"United States Life Ins in the City of NY","A","Select-a-Term - 10 Year","168.00","44.52","Rg"
"Assurity Life Insurance Company         ","A-","Non Med Term 350 - 10 Year Level","169.00","44.62","Pf"
"First MetLife Investors Insurance Co    ","A+","Guaranteed Level Term 10  (Rapid eUW)","169.00","45.63","Rg"
"MetLife Investors USA Insurance Company ","A+","Guaranteed Level Term 10","169.00","45.63","Rg"
"MetLife Investors USA Insurance Company ","A+","Guaranteed Level Term 10  (Rapid eUW)","169.00","45.63","Rg"
"Massachusetts Mutual Life Insurance     ","A++","Vantage Term 10","170.00","44.01","R+"
"MTL Insurance Company                   ","A-","SelecTerm-10  (NV, NJ, OR)","171.00","44.89","Rg"
"Hartford Life and Annuity Insurance Co  ","A","Hartford Bicentennial Term 10","172.00","44.72","Pf"
"Hartford Life Insurance Company         ","A","Hartford Bicentennial Term 10","172.00","44.72","Pf"
"Fidelity Life Association               ","A-","Rapid Decision Term - 10 Year","173.00","48.44","Pf"
"Jackson National Life Insurance Company ","A+","Protector 10-Year Term","173.00","46.71","Rg"
"The Paul Revere Life Insurance Company  ","A","Selector 10 - 10 Year Term","173.00","53.48","Rg"
"Symetra Life Insurance Company          ","A","10 Year Level Term  (2005)","174.00","46.11","Rg"
"Western-Southern Life Assurance Company ","A+","10-Year Guaranteed Level Term","175.00","49.00","P+"
"Pacific Guardian Life Insurance Co, Ltd.","A","Ten Year Term","177.00","53.10","Rg"
"Provident Life and Accident Assurance   ","A","Level Term II - 10 Year","178.00","46.28","Pf"
"Stonebridge Life Insurance Company      ","A+","Stonebridge Term - 10 Year","179.00","46.54","P+"
"Woman's Life Insurance Society          ","","Ten Year Renewable and Convertible Term","180.00","50.40","Rg"
"MTL Insurance Company                   ","A-","SelecTerm-10","181.00","47.51","Rg"
"Midland National Life Insurance Company ","A+","Executive CS3 - 10 Year Term","182.00","50.57","Rg"
"Provident Life and Accident Assurance   ","A","Level Term I - 10 Year","182.00","47.32","R+"
"Pruco Life Insurance Company            ","A+","Term Essential 10 (<250K PruXpress ONLY)","182.00","48.23","Pf"
"Pruco Life Insurance Company            ","A+","Term Essential 10 (<250K PruXpress / WA)","182.00","48.23","Pf"
"Pruco Life Insurance Co of New Jersey   ","A+","Term Essential 10 (NY/<250K PruXpress)","182.00","48.23","Pf"
"Baltimore Life Insurance Company        ","B++","Secure Solution Protector - 10 Year Term","183.00","49.41","Pf"
"Pan-American Life Insurance Company     ","A","10-Year Level Term","183.00","47.58","Rg"
"Sagicor Life Insurance Company          ","A-","Gold Series 10 ZZ Term","184.20","48.81","Pf"
"Massachusetts Mutual Life Insurance     ","A++","Vantage Term 10","185.00","47.90","Rg"
"Western-Southern Life Assurance Company ","A+","10-Year Guaranteed Level Term","186.00","52.08","P+"
"American-Amicable Life Insurance of TX  ","A-","Easy Term 10  (Simplified Issue)","187.00","51.05","Rg"
"Motorists Life Insurance Company        ","A-","Value Term Plus - 10-Year Plan","187.00","48.62","Rg"
"Pruco Life Insurance Company            ","A+","Term Elite 10  (<250K PruXpress ONLY)","188.00","49.82","P+"
"Pruco Life Insurance Company            ","A+","Term Elite 10  (<250K PruXpress ONLY/WA)","188.00","49.82","P+"
"Pruco Life Insurance Co of New Jersey   ","A+","Term Elite 10  (NY/<250K PruXpress ONLY)","188.00","49.82","P+"
"Columbian Life Insurance Company        ","A-","Term Line 10 - 10 Year R&C Term","189.00","50.09","Rg"
"Columbian Mutual Life Insurance Company ","A-","Term Line 10 - 10 Year R&C Term","189.00","50.09","Rg"
"Fidelity Life Association               ","A-","Rapid Decision Term - 10 Year","191.00","53.48","Rg"
"Hartford Life and Annuity Insurance Co  ","A","Hartford Bicentennial Term 10","193.00","50.18","Rg"
"Hartford Life Insurance Company         ","A","Hartford Bicentennial Term 10","193.00","50.18","Rg"
"Sagicor Life Insurance Company          ","A-","Gold Series 10 ZZ Term","196.10","51.97","Rg"
"Northwestern Mutual Life Insurance      ","A++","TT Level Term 10","198.00","52.95","Pf"
"Stonebridge Life Insurance Company      ","A+","Stonebridge Term - 10 Year","198.00","51.48","P+"
"Household Life Insurance Company        ","A-","10 Year Term","199.00","53.73","Rg"
"Provident Life and Accident Assurance   ","A","Level Term II - 10 Year","200.00","52.00","R+"
"First Central National Life of New York ","A-","Simple Term - 10 Year","202.00","52.52","Rg"
"Aurora National Life Assurance Company  ","","10-Year Term","203.00","53.80","Pf"
"Western-Southern Life Assurance Company ","A+","10-Year Guaranteed Level Term","203.00","56.84","Pf"
"Baltimore Life Insurance Company        ","B++","Secure Solution Protector - 10 Year Term","206.00","55.62","Rg"
"Pruco Life Insurance Company            ","A+","Term Elite 10  (<250K PruXpress ONLY)","215.00","56.98","Pf"
"Pruco Life Insurance Company            ","A+","Term Elite 10  (<250K PruXpress ONLY/WA)","215.00","56.98","Pf"
"Pruco Life Insurance Co of New Jersey   ","A+","Term Elite 10  (NY/<250K PruXpress ONLY)","215.00","56.98","Pf"
"Provident Life and Accident Assurance   ","A","Level Term I - 10 Year","216.00","56.16","Rg"
"Stonebridge Life Insurance Company      ","A+","Stonebridge Term - 10 Year","216.00","56.16","Pf"
"Assurity Life Insurance Company         ","A-","Non Med Term 350 - 10 Year Level","218.00","57.55","Rg"
"Pruco Life Insurance Company            ","A+","Term Essential 10 (<250K PruXpress ONLY)","218.00","57.77","R+"
"Pruco Life Insurance Company            ","A+","Term Essential 10 (<250K PruXpress / WA)","218.00","57.77","R+"
"Pruco Life Insurance Co of New Jersey   ","A+","Term Essential 10 (NY/<250K PruXpress)","218.00","57.77","R+"
"Aurora National Life Assurance Company  ","","10-Year Term","224.00","59.36","Rg"
"Stonebridge Life Insurance Company      ","A+","Stonebridge Term - 10 Year","235.00","61.10","Rg"
"Northwestern Mutual Life Insurance      ","A++","TT Level Term 10","236.00","62.72","Rg"
"Provident Life and Accident Assurance   ","A","Level Term II - 10 Year","237.00","61.62","Rg"
"Western-Southern Life Assurance Company ","A+","10-Year Guaranteed Level Term","239.00","66.92","Rg"
"Pruco Life Insurance Company            ","A+","Term Essential 10 (<250K PruXpress ONLY)","248.00","65.72","Rg"
"Pruco Life Insurance Company            ","A+","Term Essential 10 (<250K PruXpress / WA)","248.00","65.72","Rg"
"Pruco Life Insurance Co of New Jersey   ","A+","Term Essential 10 (NY/<250K PruXpress)","248.00","65.72","Rg"
"Pruco Life Insurance Company            ","A+","Term Elite 10  (<250K PruXpress ONLY)","257.00","68.11","R+"
"Pruco Life Insurance Company            ","A+","Term Elite 10  (<250K PruXpress ONLY/WA)","257.00","68.11","R+"
"Pruco Life Insurance Co of New Jersey   ","A+","Term Elite 10  (NY/<250K PruXpress ONLY)","257.00","68.11","R+"
"Fidelity Life Association               ","A-","Rapid Decision Express - 10 Year","268.00","75.04","Rg"
"Pruco Life Insurance Company            ","A+","Term Elite 10  (<250K PruXpress ONLY)","293.00","77.65","Rg"
"Pruco Life Insurance Company            ","A+","Term Elite 10  (<250K PruXpress ONLY/WA)","293.00","77.65","Rg"
"Pruco Life Insurance Co of New Jersey   ","A+","Term Elite 10  (NY/<250K PruXpress ONLY)","293.00","77.65","Rg"
"20 Year Level Term Guaranteed","","","","",""
"Ohio National Life Assurance Corporation","A+","FlexTerm Series VII - 20 Year","107.00","28.89","P+"
"Centrian Life Insurance                 ","A+","T-20/20 - 20 Year Term Guaranteed 20","109.00","28.34","P+"
"Savings Bank Life Insurance Co of MA    ","A+","T-20/20 - 20 Year Term Guaranteed 20","109.00","28.34","P+"
"Savings Bank Life Insurance Co of MA    ","A+","T-20/20 - 20 Year Term Guaranteed (OR)","109.00","28.34","P+"
"Ohio National Life Assurance Corporation","A+","FlexTerm Series VII - 20 Year Plus","110.00","29.70","P+"
"Cincinnati Life Insurance Company       ","A","LifeHorizons Termsetter 20","113.00","29.95","P+"
"Genworth Life Insurance Company of NY   ","A","Colony Term UL 20  (50K-199K)","114.61","29.01","P+"
"Western-Southern Life Assurance Company ","A+","eTerm 20 - Guaranteed Level Term","115.00","32.20","P+"
"Gleaner Life Insurance Society          ","A-","Gleaner Term - 20-Year","118.00","30.68","P+"
"American General Life Insurance Company ","A","Select-a-Term - 20 Year  (MS)","119.00","31.54","P+"
"Transamerica Life Insurance Company     ","A+","TransTerm UL 20","120.00","30.48","P+"
"Minnesota Life Insurance Company        ","A+","Advantage Elite Term Life - 20 Year","123.00","31.98","P+"
"Securian Life Insurance Company         ","A+","Advantage Elite Term Life - 20 Year","123.00","31.98","P+"
"Centrian Life Insurance                 ","A+","T-20/20 - 20 Year Term Guaranteed 20","124.00","32.24","Pf"
"Savings Bank Life Insurance Co of MA    ","A+","T-20/20 - 20 Year Term Guaranteed 20","124.00","32.24","Pf"
"Savings Bank Life Insurance Co of MA    ","A+","T-20/20 - 20 Year Term Guaranteed (OR)","124.00","32.24","Pf"
"Western-Southern Life Assurance Company ","A+","eTerm 20 - Guaranteed Level Term","125.00","35.00","P+"
"Ameritas Life Insurance Corp            ","A","Keystone Term 20","126.00","32.56","P+"
"Ameritas Life Insurance Corp            ","A","Keystone Term 20       (CA, IN, OR, PA)","126.00","32.56","P+"
"Ameritas Life Insurance Corp of New York","A","Keystone Term 20","126.00","32.56","P+"
"Union Central Life Insurance Company    ","A","Keystone Term 20  (WA)","126.00","32.56","P+"
"Protective Life Insurance Company       ","A+","Secure-T - 20 Year No Lapse UL","127.50","32.22","P+"
"ReliaStar Life Insurance Company  (ING) ","A","TermSmart 20 - 20 Year Term","128.00","33.92","P+"
"ReliaStar Life Insurance Company  (ING) ","A","TermSmart 20 - 20 Year Term  (OR)","128.00","33.92","P+"
"ReliaStar Life Insurance of NY    (ING) ","A","TermSmart 20 - 20 Year Term  (NY)","128.00","33.92","P+"
"TIAA-CREF Life Insurance Company        ","A++","20-Year Level Term","128.80","33.49","P+"
"TIAA-CREF Life Insurance Company        ","A++","20-Year Level Term  (NY)","128.80","33.49","P+"
"American General Life Insurance Company ","A","Select-a-Term - 20 Year","129.00","34.19","P+"
"Columbus Life Insurance Company         ","A+","Nautical Term - 20 Year","129.00","33.54","P+"
"Columbus Life Insurance Company         ","A+","Nautical Term - 20 Year  (OR)","129.00","33.54","P+"
"Hartford Life and Annuity Insurance Co  ","A","Hartford Bicentennial Term 20","129.00","33.54","P+"
"Hartford Life Insurance Company         ","A","Hartford Bicentennial Term 20","129.00","33.54","P+"
"Midland National Life Insurance Company ","A+","Premier CS4 - 20 Year Term","129.00","35.09","P+"
"North American Co for Life and Health   ","A+","ADDvantage 20","129.00","36.77","P+"
"Ohio National Life Assurance Corporation","A+","FlexTerm Series VII - 20 Year","129.00","34.83","Pf"
"United States Life Ins in the City of NY","A","Select-a-Term - 20 Year","129.00","34.19","P+"
"AAA Life Insurance Company              ","A-","20 Year Level Term","130.00","33.80","P+"
"New York Life Insurance Company         ","A++","20 Year Level Term (20LCT)","130.00","37.71","P+"
"Protective Life & Annuity Insurance Co  ","A+","Empire Term - 20 Year","130.00","34.45","P+"
"Transamerica Financial Life Insurance Co","A+","Trendsetter Super 20","131.00","34.06","P+"
"Royal Neighbors of America              ","A-","Royal Advantage 20 - 20 Year Level Term","132.00","34.98","P+"
"Banner Life Insurance Company           ","A+","OPTerm 20 - 20 Year Term","133.00","34.58","P+"
"Banner Life Insurance Company           ","A+","OPTerm 20 - 20 Year Term  (OR)","133.00","34.58","P+"
"EMC National Life Company               ","B++","Term Select - 20 Year","133.00","35.25","P+"
"Gleaner Life Insurance Society          ","A-","Gleaner Term - 20-Year","133.00","34.58","P+"
"Jackson National Life Insurance Company ","A+","Protector 20-Year Term","133.00","35.91","P+"
"Ohio National Life Assurance Corporation","A+","FlexTerm Series VII - 20 Year Plus","133.00","35.91","Pf"
"William Penn Life Insurance Co of NY    ","A+","Penn Term 20","133.00","34.58","P+"
"Genworth Life Insurance Company of NY   ","A","Colony Term UL 20  (50K-199K)","133.59","33.81","Pf"
"Cincinnati Life Insurance Company       ","A","LifeHorizons Termsetter 20","134.00","35.51","Pf"
"Genworth Life and Annuity Insurance Co  ","A","Colony Term UL 20  (50K-199K)","136.87","34.63","P+"
"Genworth Life Insurance Company         ","A","Colony Term UL 20  (50K-199K)","136.87","34.63","P+"
"Security Mutual Life Insurance Co of NY ","A-","LT Security Plus 20-Year","137.00","36.99","P+"
"Security Mutual Life Insurance Co of NY ","A-","LT Protector 20-Year","137.00","36.31","P+"
"Security Mutual Life Insurance Co of NY ","A-","LT Security Plus 20-Year  (NY)","137.00","36.99","P+"
"Security Mutual Life Insurance Co of NY ","A-","Premier LT Suite 20-Year  (4/2007)","137.00","36.31","P+"
"Aviva Life and Annuity Company          ","A","20 Year Term 01-2010","138.00","35.88","P+"
"Aviva Life and Annuity of New York      ","A","Term 20 01-2010","138.00","35.88","P+"
"Motorists Life Insurance Company        ","A-","Value Term Plus - 20-Year Plan","138.00","35.88","P+"
"American General Life Insurance Company ","A","Select-a-Term - 20 Year  (MS)","139.00","36.84","Pf"
"Illinois Mutual Life Insurance Company  ","B+","20-Year Term","139.00","36.84","P+"
"Sunset Life Insurance Company of America","A-","Term 20 - 20 Year Term","139.00","37.53","P+"
"Transamerica Life Insurance Company     ","A+","TransTerm UL 20","140.00","35.55","Pf"
"Protective Life Insurance Company       ","A+","Secure-T - 20 Year No Lapse UL  (OR)","140.08","35.37","P+"
"New York Life Insurance Company         ","A++","20 Year Level Term (20LCT)","142.00","40.89","Pf"
"Protective Life Insurance Company       ","A+","Secure-T - 20 Year No Lapse UL  (NV)","142.77","37.86","P+"
"Midland National Life Insurance Company ","A+","Executive CS3 - 20 Year Term","143.00","40.16","P+"
"Minnesota Life Insurance Company        ","A+","Advantage Elite Term Life - 20 Year","143.00","37.18","Pf"
"Securian Life Insurance Company         ","A+","Advantage Elite Term Life - 20 Year","143.00","37.18","Pf"
"Centrian Life Insurance                 ","A+","T-20/20 - 20 Year Term Guaranteed 20","145.00","37.70","R+"
"Ohio National Life Assurance Corporation","A+","FlexTerm Series VII - 20 Year","145.00","39.15","R+"
"Savings Bank Life Insurance Co of MA    ","A+","T-20/20 - 20 Year Term Guaranteed 20","145.00","37.70","R+"
"Savings Bank Life Insurance Co of MA    ","A+","T-20/20 - 20 Year Term Guaranteed (OR)","145.00","37.70","R+"
"Protective Life Insurance Company       ","A+","Secure-T - 20 Year No Lapse UL","145.45","36.75","Pf"
"Ameritas Life Insurance Corp            ","A","Keystone Term 20","146.00","37.76","Pf"
"Ameritas Life Insurance Corp            ","A","Keystone Term 20       (CA, IN, OR, PA)","146.00","37.76","Pf"
"Ameritas Life Insurance Corp of New York","A","Keystone Term 20","146.00","37.76","Pf"
"Columbus Life Insurance Company         ","A+","Nautical Term - 20 Year","146.00","37.96","P+"
"Columbus Life Insurance Company         ","A+","Nautical Term - 20 Year  (OR)","146.00","37.96","P+"
"ReliaStar Life Insurance Company  (ING) ","A","TermSmart 20 - 20 Year Term","146.00","38.69","Pf"
"ReliaStar Life Insurance Company  (ING) ","A","TermSmart 20 - 20 Year Term  (OR)","146.00","38.69","Pf"
"ReliaStar Life Insurance of NY    (ING) ","A","TermSmart 20 - 20 Year Term  (NY)","146.00","38.69","Pf"
"Union Central Life Insurance Company    ","A","Keystone Term 20  (WA)","146.00","37.76","Pf"
"Symetra Life Insurance Company          ","A","20 Year Level Term","147.00","38.96","Pf"
"Symetra Life Insurance Company          ","A","20 Year Level Term  (WA)","147.00","38.96","Pf"
"Ohio National Life Assurance Corporation","A+","FlexTerm Series VII - 20 Year Plus","148.00","39.96","R+"
"American General Life Insurance Company ","A","Select-a-Term - 20 Year","149.00","39.49","Pf"
"Protective Life & Annuity Insurance Co  ","A+","Empire Term - 20 Year","149.00","39.49","Pf"
"United States Life Ins in the City of NY","A","Select-a-Term - 20 Year","149.00","39.49","Pf"
"AAA Life Insurance Company              ","A-","20 Year Level Term","150.00","39.00","Pf"
"Banner Life Insurance Company           ","A+","OPTerm 20 - 20 Year Term","150.00","39.00","Pf"
"Banner Life Insurance Company           ","A+","OPTerm 20 - 20 Year Term  (OR)","150.00","39.00","Pf"
"Gleaner Life Insurance Society          ","A-","Gleaner Term - 20-Year","150.00","39.00","Pf"
"Illinois Mutual Life Insurance Company  ","B+","20-Year Term","150.00","39.75","Pf"
"Massachusetts Mutual Life Insurance     ","A++","Vantage Term 20","150.00","38.84","P+"
"Midland National Life Insurance Company ","A+","Premier CS4 - 20 Year Term","150.00","40.70","Pf"
"North American Co for Life and Health   ","A+","ADDvantage 20","150.00","42.75","Pf"
"Pan-American Life Insurance Company     ","A","Sentinel Series 20 - 20-Year Term","150.00","39.00","P+"
"William Penn Life Insurance Co of NY    ","A+","Penn Term 20","150.00","39.00","Pf"
"TIAA-CREF Life Insurance Company        ","A++","20-Year Level Term","150.20","39.05","Pf"
"TIAA-CREF Life Insurance Company        ","A++","20-Year Level Term  (NY)","150.20","39.05","Pf"
"Western-Southern Life Assurance Company ","A+","eTerm 20 - Guaranteed Level Term","151.00","42.28","Pf"
"American National Insurance Company     ","A","ANICO Select 20","152.00","40.28","P+"
"Royal Neighbors of America              ","A-","Royal Advantage 20 - 20 Year Level Term","152.00","40.28","Pf"
"MTL Insurance Company                   ","A-","SelecTerm-20  (NV, NJ, OR)","153.00","40.16","P+"
"Genworth Life Insurance Company of NY   ","A","Colony Term UL 20  (50K-199K)","153.10","38.74","R+"
"Transamerica Financial Life Insurance Co","A+","Trendsetter Super 20","154.00","40.04","Pf"
"American Community Mutual Insurance     ","E","Term 20 Level Term Life","155.00","40.30","Pf"
"Cincinnati Life Insurance Company       ","A","LifeHorizons Termsetter 20","156.00","41.34","R+"
"EMC National Life Company               ","B++","Term Select - 20 Year","156.00","41.34","Pf"
"Jackson National Life Insurance Company ","A+","Protector 20-Year Term","156.00","42.12","Pf"
"American General Life Insurance Company ","A","Select-a-Term - 20 Year  (MS)","157.00","41.61","R+"
"Transamerica Life Insurance Company     ","A+","TransTerm UL 20","157.00","39.87","R+"
"Genworth Life and Annuity Insurance Co  ","A","Colony Term UL 20  (50K-199K)","157.36","39.80","Pf"
"Genworth Life Insurance Company         ","A","Colony Term UL 20  (50K-199K)","157.36","39.80","Pf"
"Security Mutual Life Insurance Co of NY ","A-","LT Security Plus 20-Year","158.00","42.66","Pf"
"Security Mutual Life Insurance Co of NY ","A-","LT Protector 20-Year","158.00","41.87","Pf"
"Security Mutual Life Insurance Co of NY ","A-","LT Security Plus 20-Year  (NY)","158.00","42.66","Pf"
"Sunset Life Insurance Company of America","A-","Term 20 - 20 Year Term","158.00","42.66","Pf"
"Motorists Life Insurance Company        ","A-","Value Term Plus - 20-Year Plan","160.00","41.60","P+"
"National Life Insurance Co of Vermont   ","A","GL-20 - 20 Year Level Term","160.00","41.60","P+"
"National Life Insurance Co of Vermont   ","A","GL-20 - 20 Year Level Term  (NY)","160.00","41.60","P+"
"Protective Life Insurance Company       ","A+","Secure-T - 20 Year No Lapse UL  (OR)","160.11","40.42","Pf"
"Centrian Life Insurance                 ","A+","T-20/20 - 20 Year Term Guaranteed 20","161.00","41.86","Rg"
"Savings Bank Life Insurance Co of MA    ","A+","T-20/20 - 20 Year Term Guaranteed 20","161.00","41.86","Rg"
"Savings Bank Life Insurance Co of MA    ","A+","T-20/20 - 20 Year Term Guaranteed (OR)","161.00","41.86","Rg"
"Aviva Life and Annuity Company          ","A","20 Year Term 01-2010","162.00","42.12","Pf"
"Aviva Life and Annuity of New York      ","A","Term 20 01-2010","162.00","42.12","Pf"
"Columbus Life Insurance Company         ","A+","Nautical Term - 20 Year","163.00","42.38","Pf"
"Columbus Life Insurance Company         ","A+","Nautical Term - 20 Year  (OR)","163.00","42.38","Pf"
"Midland National Life Insurance Company ","A+","Executive CS3 - 20 Year Term","163.00","45.50","Pf"
"MTL Insurance Company                   ","A-","SelecTerm-20","163.00","42.79","P+"
"Security Mutual Life Insurance Co of NY ","A-","Premier LT Suite 20-Year  (4/2007)","163.00","43.20","Pf"
"Protective Life Insurance Company       ","A+","Secure-T - 20 Year No Lapse UL  (NV)","163.20","43.27","Pf"
"Banner Life Insurance Company           ","A+","OPTerm 20 - 20 Year Term","165.00","42.90","R+"
"Banner Life Insurance Company           ","A+","OPTerm 20 - 20 Year Term  (OR)","165.00","42.90","R+"
"William Penn Life Insurance Co of NY    ","A+","Penn Term 20","165.00","42.90","R+"
"Minnesota Life Insurance Company        ","A+","Advantage Elite Term Life - 20 Year","166.00","43.16","R+"
"Securian Life Insurance Company         ","A+","Advantage Elite Term Life - 20 Year","166.00","43.16","R+"
"Companion Life Insurance Company of NY  ","A+","Term Life Answers 20","166.50","45.79","P+"
"United of Omaha Life Insurance Company  ","A+","Term Life Answers 20","166.50","45.79","P+"
"Ohio National Life Assurance Corporation","A+","FlexTerm Series VII - 20 Year","167.00","45.09","Rg"
"American National Insurance Company     ","A","ANICO Select 20","168.00","44.52","Pf"
"Illinois Mutual Life Insurance Company  ","B+","20-Year Term","168.00","44.52","R+"
"AAA Life Insurance Company              ","A-","20 Year Level Term","169.00","43.94","R+"
"MTL Insurance Company                   ","A-","SelecTerm-20  (NV, NJ, OR)","170.00","44.63","Pf"
"Provident Life and Accident Assurance   ","A","Level Term I - 20 Year","170.00","44.20","P+"
"Companion Life Insurance Company of NY  ","A+","Term Life Answers 20","170.50","46.89","Pf"
"United of Omaha Life Insurance Company  ","A+","Term Life Answers 20","170.50","46.89","Pf"
"Symetra Life Insurance Company          ","A","20 Year Level Term  (2005)","171.00","45.32","Pf"
"Transamerica Financial Life Insurance Co","A+","Trendsetter Super 20","171.00","44.46","R+"
"American General Life Insurance Company ","A","Select-a-Term - 20 Year","172.00","45.58","R+"
"United States Life Ins in the City of NY","A","Select-a-Term - 20 Year","172.00","45.58","R+"
"Ohio National Life Assurance Corporation","A+","FlexTerm Series VII - 20 Year Plus","173.00","46.71","Rg"
"Pan-American Life Insurance Company     ","A","Sentinel Series 20 - 20-Year Term","173.00","44.98","Pf"
"ReliaStar Life Insurance Company  (ING) ","A","TermSmart 20 - 20 Year Term","173.00","45.85","R+"
"ReliaStar Life Insurance Company  (ING) ","A","TermSmart 20 - 20 Year Term  (OR)","173.00","45.85","R+"
"ReliaStar Life Insurance of NY    (ING) ","A","TermSmart 20 - 20 Year Term  (NY)","173.00","45.85","R+"
"Ameritas Life Insurance Corp            ","A","Keystone Term 20","174.00","45.04","R+"
"Ameritas Life Insurance Corp            ","A","Keystone Term 20       (CA, IN, OR, PA)","174.00","45.04","R+"
"Ameritas Life Insurance Corp of New York","A","Keystone Term 20","174.00","45.04","R+"
"Union Central Life Insurance Company    ","A","Keystone Term 20  (WA)","174.00","45.04","R+"
"Cincinnati Life Insurance Company       ","A","LifeHorizons Termsetter 20","175.00","46.38","Rg"
"Massachusetts Mutual Life Insurance     ","A++","Vantage Term 20","175.00","45.31","Pf"
"Motorists Life Insurance Company        ","A-","Value Term Plus - 20-Year Plan","175.00","45.50","Pf"
"National Life Insurance Co of Vermont   ","A","GL-20 - 20 Year Level Term","175.00","45.50","Pf"
"National Life Insurance Co of Vermont   ","A","GL-20 - 20 Year Level Term  (NY)","175.00","45.50","Pf"
"New York Life Insurance Company         ","A++","20 Year Level Term (20LCT)","176.00","49.89","Rg"
"Household Life Insurance Company        ","A-","20 Year Term","177.00","47.79","Pf"
"Pruco Life Insurance Company            ","A+","Term Essential 20 (<250K PruXpress ONLY)","177.00","46.91","P+"
"Pruco Life Insurance Company            ","A+","Term Essential 20 (<250K PruXpress / WA)","177.00","46.91","P+"
"Pruco Life Insurance Co of New Jersey   ","A+","Term Essential 20 (NY/<250K PruXpr ONLY)","177.00","46.91","P+"
"Protective Life & Annuity Insurance Co  ","A+","Empire Term - 20 Year","178.00","47.17","Rg"
"Woman's Life Insurance Society          ","","Twenty Year Convertible Term","178.00","49.84","P+"
"Symetra Life Insurance Company          ","A","20 Year Level Term","179.00","47.44","Rg"
"Symetra Life Insurance Company          ","A","20 Year Level Term  (WA)","179.00","47.44","Rg"
"EMC National Life Company               ","B++","Term Select - 20 Year","180.00","47.70","R+"
"MTL Insurance Company                   ","A-","SelecTerm-20","180.00","47.25","Pf"
"Hartford Life and Annuity Insurance Co  ","A","Hartford Bicentennial Term 20","181.00","47.06","P+"
"Hartford Life Insurance Company         ","A","Hartford Bicentennial Term 20","181.00","47.06","P+"
"Northwestern Mutual Life Insurance      ","A++","TT Level Term 20","181.00","48.57","P+"
"Northwestern Mutual Life Insurance      ","A++","TT Level Term 20  (NY)","181.00","48.57","P+"
"Gleaner Life Insurance Society          ","A-","Gleaner Term - 20-Year","182.00","47.32","Rg"
"Genworth Life and Annuity Insurance Co  ","A","Colony Term UL 20  (50K-199K)","182.48","46.16","R+"
"Genworth Life Insurance Company         ","A","Colony Term UL 20  (50K-199K)","182.48","46.16","R+"
"Illinois Mutual Life Insurance Company  ","B+","20-Year Term","184.00","48.76","Rg"
"Provident Life and Accident Assurance   ","A","Level Term II - 20 Year","185.00","48.10","P+"
"Protective Life Insurance Company       ","A+","Secure-T - 20 Year No Lapse UL  (OR)","186.13","46.99","Rg"
"Genworth Life Insurance Company of NY   ","A","Colony Term UL 20  (50K-199K)","186.46","47.18","Rg"
"American General Life Insurance Company ","A","Select-a-Term - 20 Year  (MS)","187.00","49.56","Rg"
"First MetLife Investors Insurance Co    ","A+","Guaranteed Level Term 20  (Rapid eUW)","187.00","50.49","R+"
"MetLife Investors USA Insurance Company ","A+","Guaranteed Level Term 20","187.00","50.49","R+"
"MetLife Investors USA Insurance Company ","A+","Guaranteed Level Term 20  (Rapid eUW)","187.00","50.49","R+"
"ReliaStar Life Insurance Company  (ING) ","A","TermSmart 20 - 20 Year Term","188.00","49.82","Rg"
"ReliaStar Life Insurance Company  (ING) ","A","TermSmart 20 - 20 Year Term  (OR)","188.00","49.82","Rg"
"ReliaStar Life Insurance of NY    (ING) ","A","TermSmart 20 - 20 Year Term  (NY)","188.00","49.82","Rg"
"Transamerica Life Insurance Company     ","A+","TransTerm UL 20","188.00","47.73","Rg"
"Western-Southern Life Assurance Company ","A+","20-Year Guaranteed Level Term","188.00","52.64","P+"
"Western-Southern Life Assurance Company ","A+","eTerm 20 - Guaranteed Level Term","188.00","52.64","Rg"
"Woman's Life Insurance Society          ","","Twenty Year Convertible Term","188.00","52.64","Pf"
"Sagicor Life Insurance Company          ","A-","Platinum Series 20","188.40","49.93","P+"
"Assurity Life Insurance Company         ","A-","Non Med Term 350 - 20 Year Level","189.00","49.90","P+"
"Protective Life Insurance Company       ","A+","Secure-T - 20 Year No Lapse UL  (NV)","189.74","50.31","Rg"
"Massachusetts Mutual Life Insurance     ","A++","Vantage Term 20","190.00","49.19","R+"
"Pruco Life Insurance Company            ","A+","Term Essential 20 (<250K PruXpress ONLY)","190.00","50.35","Pf"
"Pruco Life Insurance Company            ","A+","Term Essential 20 (<250K PruXpress / WA)","190.00","50.35","Pf"
"Pruco Life Insurance Co of New Jersey   ","A+","Term Essential 20 (NY/<250K PruXpr ONLY)","190.00","50.35","Pf"
"Royal Neighbors of America              ","A-","Royal Advantage 20 - 20 Year Level Term","190.00","50.35","Rg"
"Hartford Life and Annuity Insurance Co  ","A","Hartford Bicentennial Term 20","191.00","49.66","Pf"
"Hartford Life Insurance Company         ","A","Hartford Bicentennial Term 20","191.00","49.66","Pf"
"Protective Life Insurance Company       ","A+","Secure-T - 20 Year No Lapse UL","191.52","48.39","Rg"
"Ameritas Life Insurance Corp            ","A","Keystone Term 20","192.00","49.72","Rg"
"Ameritas Life Insurance Corp            ","A","Keystone Term 20       (CA, IN, OR, PA)","192.00","49.72","Rg"
"Ameritas Life Insurance Corp of New York","A","Keystone Term 20","192.00","49.72","Rg"
"Security Mutual Life Insurance Co of NY ","A-","LT Security Plus 20-Year","192.00","51.84","R+"
"Security Mutual Life Insurance Co of NY ","A-","LT Security Plus 20-Year  (NY)","192.00","51.84","R+"
"Union Central Life Insurance Company    ","A","Keystone Term 20  (WA)","192.00","49.72","Rg"
"Midland National Life Insurance Company ","A+","Premier CS4 - 20 Year Term","193.00","52.18","Rg"
"North American Co for Life and Health   ","A+","ADDvantage 20","193.00","55.01","Rg"
"TIAA-CREF Life Insurance Company        ","A++","20-Year Level Term","194.10","50.47","Rg"
"TIAA-CREF Life Insurance Company        ","A++","20-Year Level Term  (NY)","194.10","50.47","Rg"
"Minnesota Life Insurance Company        ","A+","Advantage Elite Term Life - 20 Year","195.00","50.70","Rg"
"Provident Life and Accident Assurance   ","A","Level Term I - 20 Year","195.00","50.70","Pf"
"Securian Life Insurance Company         ","A+","Advantage Elite Term Life - 20 Year","195.00","50.70","Rg"
"MTL Insurance Company                   ","A-","SelecTerm-20  (NV, NJ, OR)","196.00","51.45","Rg"
"American General Life Insurance Company ","A","Select-a-Term - 20 Year","197.00","52.21","Rg"
"Sunset Life Insurance Company of America","A-","Term 20 - 20 Year Term","197.00","53.19","Rg"
"United States Life Ins in the City of NY","A","Select-a-Term - 20 Year","197.00","52.21","Rg"
"AAA Life Insurance Company              ","A-","20 Year Level Term","199.00","51.74","Rg"
"Banner Life Insurance Company           ","A+","OPTerm 20 - 20 Year Term","199.00","51.74","Rg"
"Banner Life Insurance Company           ","A+","OPTerm 20 - 20 Year Term  (OR)","199.00","51.74","Rg"
"William Penn Life Insurance Co of NY    ","A+","Penn Term 20","199.00","51.74","Rg"
"Genworth Life and Annuity Insurance Co  ","A","Colony Term UL 20  (50K-199K)","200.66","50.76","Rg"
"Genworth Life Insurance Company         ","A","Colony Term UL 20  (50K-199K)","200.66","50.76","Rg"
"Aviva Life and Annuity Company          ","A","20 Year Term 01-2010","201.00","52.26","R+"
"Aviva Life and Annuity of New York      ","A","Term 20 01-2010","201.00","52.26","R+"
"EMC National Life Company               ","B++","Term Select - 20 Year","201.00","53.27","Rg"
"American National Insurance Company     ","A","ANICO Select 20","202.00","53.53","R+"
"Security Mutual Life Insurance Co of NY ","A-","Premier LT Suite 20-Year  (4/2007)","202.00","53.53","Rg"
"United of Omaha Life Insurance Company  ","A+","Term Life Complete - 20 Year","202.00","55.55","Pf"
"Columbus Life Insurance Company         ","A+","Nautical Term - 20 Year","203.00","52.78","Rg"
"Columbus Life Insurance Company         ","A+","Nautical Term - 20 Year  (OR)","203.00","52.78","Rg"
"Jackson National Life Insurance Company ","A+","Protector 20-Year Term","203.00","54.81","Rg"
"Stonebridge Life Insurance Company      ","A+","Stonebridge Term - 20 Year","203.00","52.78","P+"
"Western-Southern Life Assurance Company ","A+","20-Year Guaranteed Level Term","204.00","57.12","P+"
"Northwestern Mutual Life Insurance      ","A++","TT Level Term 20","205.00","54.75","Pf"
"Northwestern Mutual Life Insurance      ","A++","TT Level Term 20  (NY)","205.00","54.75","Pf"
"Baltimore Life Insurance Company        ","B++","Secure Solution Protector - 20 Year Term","206.00","55.62","Pf"
"Fidelity Life Association               ","A-","Rapid Decision Term - 20 Year","206.00","57.68","Pf"
"MTL Insurance Company                   ","A-","SelecTerm-20","206.00","54.08","Rg"
"Pan-American Life Insurance Company     ","A","Sentinel Series 20 - 20-Year Term","208.00","54.08","Rg"
"Transamerica Financial Life Insurance Co","A+","Trendsetter Super 20","208.00","54.08","Rg"
"Pruco Life Insurance Company            ","A+","Term Elite 20  (<250K PruXpress ONLY)","209.00","55.39","P+"
"Pruco Life Insurance Company            ","A+","Term Elite 20  (<250K PruXpress ONLY/WA)","209.00","55.39","P+"
"Pruco Life Insurance Co of New Jersey   ","A+","Term Elite 20  (NY/<250K PruXpress ONLY)","209.00","55.39","P+"
"Provident Life and Accident Assurance   ","A","Level Term II - 20 Year","210.00","54.60","Pf"
"Sagicor Life Insurance Company          ","A-","Platinum Series 20","210.50","55.78","Pf"
"National Life Insurance Co of Vermont   ","A","GL-20 - 20 Year Level Term","212.00","55.12","Rg"
"National Life Insurance Co of Vermont   ","A","GL-20 - 20 Year Level Term  (NY)","212.00","55.12","Rg"
"Companion Life Insurance Company of NY  ","A+","Term Life Answers 20","215.50","59.26","R+"
"United of Omaha Life Insurance Company  ","A+","Term Life Answers 20","215.50","59.26","R+"
"Security Mutual Life Insurance Co of NY ","A-","LT Protector 20-Year","216.00","57.24","Rg"
"American Community Mutual Insurance     ","E","Term 20 Level Term Life","218.00","56.68","Rg"
"Assurity Life Insurance Company         ","A-","Non Med Term 350 - 20 Year Level","218.00","57.55","Pf"
"Woman's Life Insurance Society          ","","Twenty Year Convertible Term","218.00","61.04","Rg"
"Symetra Life Insurance Company          ","A","20 Year Level Term  (2005)","219.00","58.04","Rg"
"Massachusetts Mutual Life Insurance     ","A++","Vantage Term 20","220.00","56.96","Rg"
"Motorists Life Insurance Company        ","A-","Value Term Plus - 20-Year Plan","220.00","57.20","Rg"
"Pruco Life Insurance Company            ","A+","Term Essential 20 (<250K PruXpress ONLY)","220.00","58.30","R+"
"Pruco Life Insurance Company            ","A+","Term Essential 20 (<250K PruXpress / WA)","220.00","58.30","R+"
"Pruco Life Insurance Co of New Jersey   ","A+","Term Essential 20 (NY/<250K PruXpr ONLY)","220.00","58.30","R+"
"Companion Life Insurance Company of NY  ","A+","Term Life Answers 20","220.50","60.64","Rg"
"United of Omaha Life Insurance Company  ","A+","Term Life Answers 20","220.50","60.64","Rg"
"Provident Life and Accident Assurance   ","A","Level Term I - 20 Year","222.00","57.72","Pf"
"Stonebridge Life Insurance Company      ","A+","Simplified Issue Term - 20 Year","222.00","55.50","Rg"
"Transamerica Life Ins Co  (Family Mkt)  ","A+","Jet Simplified Issue - 20 Year Level","222.00","55.50","Rg"
"Transamerica Life Ins Co  (Family Mkt)  ","A+","Home Protector Elite - 20 Year Level","222.00","55.50","Rg"
"Security Mutual Life Insurance Co of NY ","A-","LT Security Plus 20-Year","223.00","60.21","Rg"
"Security Mutual Life Insurance Co of NY ","A-","LT Security Plus 20-Year  (NY)","223.00","60.21","Rg"
"Stonebridge Life Insurance Company      ","A+","Stonebridge Term - 20 Year","223.00","57.98","P+"
"Aviva Life and Annuity Company          ","A","20 Year Term 01-2010","224.00","58.24","Rg"
"Aviva Life and Annuity of New York      ","A","Term 20 01-2010","224.00","58.24","Rg"
"Hartford Life and Annuity Insurance Co  ","A","Hartford Bicentennial Term 20","224.00","58.24","Rg"
"Hartford Life Insurance Company         ","A","Hartford Bicentennial Term 20","224.00","58.24","Rg"
"Pruco Life Insurance Company            ","A+","Term Elite 20  (<250K PruXpress ONLY)","224.00","59.36","Pf"
"Pruco Life Insurance Company            ","A+","Term Elite 20  (<250K PruXpress ONLY/WA)","224.00","59.36","Pf"
"Pruco Life Insurance Co of New Jersey   ","A+","Term Elite 20  (NY/<250K PruXpress ONLY)","224.00","59.36","Pf"
"Western-Southern Life Assurance Company ","A+","20-Year Guaranteed Level Term","225.00","63.00","Pf"
"American National Insurance Company     ","A","ANICO Select 20","228.00","60.42","Rg"
"Midland National Life Insurance Company ","A+","Executive CS3 - 20 Year Term","228.00","62.86","Rg"
"Sagicor Life Insurance Company          ","A-","Gold Series 20 ZZ Term","236.90","62.78","Pf"
"Fidelity Life Association               ","A-","Rapid Decision Mortgage Term - 20 Year","237.00","66.36","Pf"
"Northwestern Mutual Life Insurance      ","A++","TT Level Term 20","237.00","62.98","Rg"
"Northwestern Mutual Life Insurance      ","A++","TT Level Term 20  (NY)","237.00","62.98","Rg"
"Provident Life and Accident Assurance   ","A","Level Term II - 20 Year","237.00","61.62","Pf"
"First MetLife Investors Insurance Co    ","A+","Guaranteed Level Term 20  (Rapid eUW)","238.00","64.26","Rg"
"MetLife Investors USA Insurance Company ","A+","Guaranteed Level Term 20","238.00","64.26","Rg"
"MetLife Investors USA Insurance Company ","A+","Guaranteed Level Term 20  (Rapid eUW)","238.00","64.26","Rg"
"United of Omaha Life Insurance Company  ","A+","Term Life Complete - 20 Year","238.00","65.45","Rg"
"Household Life Insurance Company        ","A-","20 Year Term","243.00","65.61","Rg"
"Stonebridge Life Insurance Company      ","A+","Stonebridge Term - 20 Year","244.00","63.44","Pf"
"Baltimore Life Insurance Company        ","B++","Secure Solution Protector - 20 Year Term","246.00","66.42","Rg"
"Provident Life and Accident Assurance   ","A","Level Term I - 20 Year","249.00","64.74","R+"
"First Central National Life of New York ","A-","Simple Term - 20 Year","250.00","65.00","Rg"
"Fidelity Life Association               ","A-","Rapid Decision Mortgage Term - 20 Year","251.00","70.28","Rg"
"Sagicor Life Insurance Company          ","A-","Gold Series 20 ZZ Term","252.10","66.81","Rg"
"Fidelity Life Association               ","A-","Rapid Decision Term - 20 Year","253.00","70.84","Rg"
"American-Amicable Life Insurance of TX  ","A-","Easy Term 20  (Simplified Issue)","254.00","69.34","Rg"
"Pruco Life Insurance Company            ","A+","Term Essential 20 (<250K PruXpress ONLY)","257.00","68.11","Rg"
"Pruco Life Insurance Company            ","A+","Term Essential 20 (<250K PruXpress / WA)","257.00","68.11","Rg"
"Pruco Life Insurance Co of New Jersey   ","A+","Term Essential 20 (NY/<250K PruXpr ONLY)","257.00","68.11","Rg"
"Pruco Life Insurance Company            ","A+","Term Elite 20  (<250K PruXpress ONLY)","260.00","68.90","R+"
"Pruco Life Insurance Company            ","A+","Term Elite 20  (<250K PruXpress ONLY/WA)","260.00","68.90","R+"
"Pruco Life Insurance Co of New Jersey   ","A+","Term Elite 20  (NY/<250K PruXpress ONLY)","260.00","68.90","R+"
"Provident Life and Accident Assurance   ","A","Level Term II - 20 Year","265.00","68.90","R+"
"Western-Southern Life Assurance Company ","A+","20-Year Guaranteed Level Term","266.00","74.48","Rg"
"Primerica Life Insurance Company        ","A+","Custom Advantage - 20 Year","272.00","72.08","Rg"
"Sagicor Life Insurance Company          ","A-","Platinum Series 20","274.20","72.66","Rg"
"United of Omaha Life Insurance Company  ","A+","Term Life Express - 20 Year","277.00","76.18","Rg"
"Assurity Life Insurance Company         ","A-","Non Med Term 350 - 20 Year Level","285.00","75.24","Rg"
"Stonebridge Life Insurance Company      ","A+","Stonebridge Term - 20 Year","291.00","75.66","Rg"
"Pruco Life Insurance Company            ","A+","Term Elite 20  (<250K PruXpress ONLY)","303.00","80.30","Rg"
"Pruco Life Insurance Company            ","A+","Term Elite 20  (<250K PruXpress ONLY/WA)","303.00","80.30","Rg"
"Pruco Life Insurance Co of New Jersey   ","A+","Term Elite 20  (NY/<250K PruXpress ONLY)","303.00","80.30","Rg"
"Americo Financial Life and Annuity Ins. ","A-","Home Mortgage Series - 20/20 year","308.00","N/A","Rg"
"Provident Life and Accident Assurance   ","A","Level Term I - 20 Year","315.00","81.90","Rg"
"Fidelity Life Association               ","A-","Rapid Decision Express - 20 Year","317.00","88.76","Rg"
"United Home Life Insurance Company      ","A-","Express Issue Term 20","329.00","88.83","Rg"
"Provident Life and Accident Assurance   ","A","Level Term II - 20 Year","331.00","86.06","Rg"
"30 Year Level Term Guaranteed","","","","",""
"Cincinnati Life Insurance Company       ","A","LifeHorizons Termsetter 30","158.00","41.87","P+"
"Cincinnati Life Insurance Company       ","A","LifeHorizons Termsetter 30  (MD)","158.00","41.87","P+"
"Gleaner Life Insurance Society          ","A-","Gleaner Term - 30-Year","160.00","41.60","P+"
"Transamerica Life Insurance Company     ","A+","TransTerm UL 30","164.00","41.64","P+"
"American General Life Insurance Company ","A","Select-a-Term - 30 Year  (MS)","166.00","43.99","P+"
"Genworth Life Insurance Company of NY   ","A","Colony Term UL 30  (50K-199K)","167.68","42.43","P+"
"Minnesota Life Insurance Company        ","A+","Advantage Elite Term Life - 30 Year","172.00","44.72","P+"
"Securian Life Insurance Company         ","A+","Advantage Elite Term Life - 30 Year","172.00","44.72","P+"
"Protective Life Insurance Company       ","A+","Secure-T - 30 Year No Lapse UL","172.49","43.58","P+"
"Centrian Life Insurance                 ","A+","T-30/30 - 30 Year Term Guaranteed 30","173.00","44.98","P+"
"Savings Bank Life Insurance Co of MA    ","A+","T-30/30 - 30 Year Term Guaranteed 30","173.00","44.98","P+"
"Savings Bank Life Insurance Co of MA    ","A+","T-30/30 - 30 Year Term Guaranteed (OR)","173.00","44.98","P+"
"AAA Life Insurance Company              ","A-","30 Year Level Term","175.00","45.50","P+"
"Cincinnati Life Insurance Company       ","A","LifeHorizons Termsetter 30","175.00","46.38","Pf"
"Cincinnati Life Insurance Company       ","A","LifeHorizons Termsetter 30  (MD)","175.00","46.38","Pf"
"Western-Southern Life Assurance Company ","A+","eTerm 30 - Guaranteed Level Term","177.00","49.56","P+"
"Centrian Life Insurance                 ","A+","T-30/30 - 30 Year Term Guaranteed 30","180.00","46.80","Pf"
"Gleaner Life Insurance Society          ","A-","Gleaner Term - 30-Year","180.00","46.80","P+"
"Savings Bank Life Insurance Co of MA    ","A+","T-30/30 - 30 Year Term Guaranteed 30","180.00","46.80","Pf"
"Savings Bank Life Insurance Co of MA    ","A+","T-30/30 - 30 Year Term Guaranteed (OR)","180.00","46.80","Pf"
"Transamerica Financial Life Insurance Co","A+","Trendsetter Super 30","181.00","47.06","P+"
"Ameritas Life Insurance Corp            ","A","Keystone Term 30","182.00","47.12","P+"
"Ameritas Life Insurance Corp            ","A","Keystone Term 30       (CA, IN, OR, PA)","182.00","47.12","P+"
"Ameritas Life Insurance Corp of New York","A","Keystone Term 30","182.00","47.12","P+"
"Union Central Life Insurance Company    ","A","Keystone Term 30  (WA)","182.00","47.12","P+"
"American General Life Insurance Company ","A","Select-a-Term - 30 Year","183.00","48.50","P+"
"Transamerica Life Insurance Company     ","A+","TransTerm UL 30","183.00","46.47","Pf"
"United States Life Ins in the City of NY","A","Select-a-Term - 30 Year","183.00","48.50","P+"
"Midland National Life Insurance Company ","A+","Premier CS4 - 30 Year Term","184.00","49.78","P+"
"North American Co for Life and Health   ","A+","ADDvantage 30","184.00","52.44","P+"
"Western-Southern Life Assurance Company ","A+","eTerm 30 - Guaranteed Level Term","184.00","51.52","P+"
"Motorists Life Insurance Company        ","A-","Value Term Plus - 30-Year Plan","185.00","48.10","P+"
"American General Life Insurance Company ","A","Select-a-Term - 30 Year  (MS)","186.00","49.29","Pf"
"Minnesota Life Insurance Company        ","A+","Advantage Elite Term Life - 30 Year","186.00","48.36","Pf"
"Royal Neighbors of America              ","A-","Royal Advantage 30 - 30 Year Level Term","186.00","49.29","P+"
"Securian Life Insurance Company         ","A+","Advantage Elite Term Life - 30 Year","186.00","48.36","Pf"
"Banner Life Insurance Company           ","A+","OPTerm 30 - 30 Year Term","187.00","48.62","P+"
"Banner Life Insurance Company           ","A+","OPTerm 30 - 30 Year Term  (OR)","187.00","48.62","P+"
"William Penn Life Insurance Co of NY    ","A+","Penn Term 30","187.00","48.62","P+"
"AAA Life Insurance Company              ","A-","30 Year Level Term","188.00","48.88","Pf"
"Columbus Life Insurance Company         ","A+","Nautical Term - 30 Year","188.00","48.88","P+"
"Columbus Life Insurance Company         ","A+","Nautical Term - 30 Year  (OR)","188.00","48.88","P+"
"EMC National Life Company               ","B++","Term Select - 30 Year","188.00","49.82","P+"
"Hartford Life and Annuity Insurance Co  ","A","Hartford Bicentennial Term 30","188.00","48.88","P+"
"Hartford Life Insurance Company         ","A","Hartford Bicentennial Term 30","188.00","48.88","P+"
"Genworth Life Insurance Company of NY   ","A","Colony Term UL 30  (50K-199K)","188.86","47.79","Pf"
"Illinois Mutual Life Insurance Company  ","B+","30-Year Term","191.00","50.62","P+"
"Pruco Life Insurance Company            ","A+","Term Essential 30 (<250K PruXpress ONLY)","191.00","50.62","P+"
"Pruco Life Insurance Company            ","A+","Term Essential 30 (<250K PruXpress / WA)","191.00","50.62","P+"
"Pruco Life Insurance Co of New Jersey   ","A+","Term Essential 30 (NY/<250K PruXpress)","191.00","50.62","P+"
"Genworth Life and Annuity Insurance Co  ","A","Colony Term UL 30  (50K-199K)","191.85","48.53","P+"
"Genworth Life Insurance Company         ","A","Colony Term UL 30  (50K-199K)","191.85","48.53","P+"
"ReliaStar Life Insurance Company  (ING) ","A","TermSmart 30 - 30 Year Term","192.00","50.88","P+"
"ReliaStar Life Insurance Company  (ING) ","A","TermSmart 30 - 30 Year Term  (OR)","192.00","50.88","P+"
"ReliaStar Life Insurance of NY    (ING) ","A","TermSmart 30 - 30 Year Term  (NY)","192.00","50.88","P+"
"MTL Insurance Company                   ","A-","SelecTerm-30  (NV, NJ, OR)","194.00","50.93","P+"
"Aviva Life and Annuity Company          ","A","30 Year Term 01-2010","198.00","51.48","P+"
"Aviva Life and Annuity Company          ","A","30 Year Term 01-2010  (WA)","198.00","51.48","P+"
"Aviva Life and Annuity of New York      ","A","Term 30 01-2010","198.00","51.48","P+"
"TIAA-CREF Life Insurance Company        ","A++","30-Year Level Term","202.00","52.52","P+"
"TIAA-CREF Life Insurance Company        ","A++","30-Year Level Term  (NY)","202.00","52.52","P+"
"Security Mutual Life Insurance Co of NY ","A-","LT Security Plus 30-Year","203.00","54.81","P+"
"Security Mutual Life Insurance Co of NY ","A-","LT Protector 30-Year","203.00","53.80","P+"
"Security Mutual Life Insurance Co of NY ","A-","LT Security Plus 30-Year  (NY)","203.00","54.81","P+"
"Transamerica Financial Life Insurance Co","A+","Trendsetter Super 30","203.00","52.78","Pf"
"MTL Insurance Company                   ","A-","SelecTerm-30","204.00","53.55","P+"
"Companion Life Insurance Company of NY  ","A+","Term Life Answers 30","204.50","56.24","P+"
"United of Omaha Life Insurance Company  ","A+","Term Life Answers 30","204.50","56.24","P+"
"United of Omaha Life Insurance Company  ","A+","Term Life Answers 30  (MD)","204.50","56.24","P+"
"American General Life Insurance Company ","A","Select-a-Term - 30 Year","205.00","54.33","Pf"
"Illinois Mutual Life Insurance Company  ","B+","30-Year Term","205.00","54.33","Pf"
"United States Life Ins in the City of NY","A","Select-a-Term - 30 Year","205.00","54.33","Pf"
"Protective Life Insurance Company       ","A+","Secure-T - 30 Year No Lapse UL  (NV)","205.16","54.39","P+"
"Protective Life Insurance Company       ","A+","Secure-T - 30 Year No Lapse UL  (OR)","205.16","51.80","P+"
"Protective Life Insurance Company       ","A+","Secure-T - 30 Year No Lapse UL","205.42","51.90","Pf"
"Midland National Life Insurance Company ","A+","Premier CS4 - 30 Year Term","206.00","55.65","Pf"
"Motorists Life Insurance Company        ","A-","Value Term Plus - 30-Year Plan","206.00","53.56","P+"
"North American Co for Life and Health   ","A+","ADDvantage 30","206.00","58.71","Pf"
"American National Insurance Company     ","A","ANICO Select 30","207.00","54.86","P+"
"Ameritas Life Insurance Corp            ","A","Keystone Term 30","207.00","53.62","Pf"
"Ameritas Life Insurance Corp            ","A","Keystone Term 30       (CA, IN, OR, PA)","207.00","53.62","Pf"
"Ameritas Life Insurance Corp of New York","A","Keystone Term 30","207.00","53.62","Pf"
"Union Central Life Insurance Company    ","A","Keystone Term 30  (WA)","207.00","53.62","Pf"
"Banner Life Insurance Company           ","A+","OPTerm 30 - 30 Year Term","209.00","54.34","Pf"
"Banner Life Insurance Company           ","A+","OPTerm 30 - 30 Year Term  (OR)","209.00","54.34","Pf"
"William Penn Life Insurance Co of NY    ","A+","Penn Term 30","209.00","54.34","Pf"
"Companion Life Insurance Company of NY  ","A+","Term Life Answers 30","209.50","57.61","Pf"
"United of Omaha Life Insurance Company  ","A+","Term Life Answers 30","209.50","57.61","Pf"
"United of Omaha Life Insurance Company  ","A+","Term Life Answers 30  (MD)","209.50","57.61","Pf"
"Columbus Life Insurance Company         ","A+","Nautical Term - 30 Year","210.00","54.60","P+"
"Columbus Life Insurance Company         ","A+","Nautical Term - 30 Year  (OR)","210.00","54.60","P+"
"Household Life Insurance Company        ","A-","30 Year Term","210.00","56.70","Pf"
"Gleaner Life Insurance Society          ","A-","Gleaner Term - 30-Year","211.00","54.86","Pf"
"Pruco Life Insurance Company            ","A+","Term Essential 30 (<250K PruXpress ONLY)","211.00","55.92","Pf"
"Pruco Life Insurance Company            ","A+","Term Essential 30 (<250K PruXpress / WA)","211.00","55.92","Pf"
"Pruco Life Insurance Co of New Jersey   ","A+","Term Essential 30 (NY/<250K PruXpress)","211.00","55.92","Pf"
"Protective Life Insurance Company       ","A+","Secure-T - 30 Year No Lapse UL  (NV)","212.05","56.22","Pf"
"Protective Life Insurance Company       ","A+","Secure-T - 30 Year No Lapse UL  (OR)","212.05","53.54","Pf"
"Transamerica Life Insurance Company     ","A+","TransTerm UL 30","215.00","54.57","R+"
"Western-Southern Life Assurance Company ","A+","eTerm 30 - Guaranteed Level Term","216.00","60.48","Pf"
"Genworth Life and Annuity Insurance Co  ","A","Colony Term UL 30  (50K-199K)","216.82","54.85","Pf"
"Genworth Life Insurance Company         ","A","Colony Term UL 30  (50K-199K)","216.82","54.85","Pf"
"EMC National Life Company               ","B++","Term Select - 30 Year","217.00","57.51","Pf"
"ReliaStar Life Insurance Company  (ING) ","A","TermSmart 30 - 30 Year Term","217.00","57.51","Pf"
"ReliaStar Life Insurance Company  (ING) ","A","TermSmart 30 - 30 Year Term  (OR)","217.00","57.51","Pf"
"ReliaStar Life Insurance of NY    (ING) ","A","TermSmart 30 - 30 Year Term  (NY)","217.00","57.51","Pf"
"Hartford Life and Annuity Insurance Co  ","A","Hartford Bicentennial Term 30","218.00","56.68","P+"
"Hartford Life Insurance Company         ","A","Hartford Bicentennial Term 30","218.00","56.68","P+"
"Royal Neighbors of America              ","A-","Royal Advantage 30 - 30 Year Level Term","220.00","58.30","Pf"
"AAA Life Insurance Company              ","A-","30 Year Level Term","223.00","57.98","R+"
"Centrian Life Insurance                 ","A+","T-30/30 - 30 Year Term Guaranteed 30","224.00","58.24","R+"
"Cincinnati Life Insurance Company       ","A","LifeHorizons Termsetter 30","224.00","59.36","R+"
"Cincinnati Life Insurance Company       ","A","LifeHorizons Termsetter 30  (MD)","224.00","59.36","R+"
"Savings Bank Life Insurance Co of MA    ","A+","T-30/30 - 30 Year Term Guaranteed 30","224.00","58.24","R+"
"Savings Bank Life Insurance Co of MA    ","A+","T-30/30 - 30 Year Term Guaranteed (OR)","224.00","58.24","R+"
"Symetra Life Insurance Company          ","A","30 Year Level Term","224.00","59.36","Pf"
"Symetra Life Insurance Company          ","A","30 Year Level Term  (WA)","224.00","59.36","Pf"
"Pruco Life Insurance Company            ","A+","Term Elite 30  (<250K PruXpress ONLY)","225.00","59.63","P+"
"Pruco Life Insurance Company            ","A+","Term Elite 30  (<250K PruXpress ONLY/WA)","225.00","59.63","P+"
"Pruco Life Insurance Co of New Jersey   ","A+","Term Elite 30  (NY/<250K PruXpress ONLY)","225.00","59.63","P+"
"MTL Insurance Company                   ","A-","SelecTerm-30  (NV, NJ, OR)","227.00","59.59","Pf"
"Minnesota Life Insurance Company        ","A+","Advantage Elite Term Life - 30 Year","228.00","59.28","R+"
"Securian Life Insurance Company         ","A+","Advantage Elite Term Life - 30 Year","228.00","59.28","R+"
"American National Insurance Company     ","A","ANICO Select 30","229.00","60.69","Pf"
"Security Mutual Life Insurance Co of NY ","A-","LT Security Plus 30-Year","229.00","61.83","Pf"
"Security Mutual Life Insurance Co of NY ","A-","LT Protector 30-Year","229.00","60.69","Pf"
"Security Mutual Life Insurance Co of NY ","A-","LT Security Plus 30-Year  (NY)","229.00","61.83","Pf"
"Aviva Life and Annuity Company          ","A","30 Year Term 01-2010","230.00","59.80","Pf"
"Aviva Life and Annuity Company          ","A","30 Year Term 01-2010  (WA)","230.00","59.80","Pf"
"Aviva Life and Annuity of New York      ","A","Term 30 01-2010","230.00","59.80","Pf"
"Western-Southern Life Assurance Company ","A+","30-Year Guaranteed Level Term","232.00","64.96","P+"
"First MetLife Investors Insurance Co    ","A+","Guaranteed Level Term 30","235.00","63.45","R+"
"MetLife Investors USA Insurance Company ","A+","Guaranteed Level Term 30","235.00","63.45","R+"
"Transamerica Financial Life Insurance Co","A+","Trendsetter Super 30","235.00","61.10","R+"
"American General Life Insurance Company ","A","Select-a-Term - 30 Year  (MS)","236.00","62.54","R+"
"Columbus Life Insurance Company         ","A+","Nautical Term - 30 Year","236.00","61.36","Pf"
"Columbus Life Insurance Company         ","A+","Nautical Term - 30 Year  (OR)","236.00","61.36","Pf"
"MTL Insurance Company                   ","A-","SelecTerm-30","237.00","62.21","Pf"
"Genworth Life Insurance Company of NY   ","A","Colony Term UL 30  (50K-199K)","237.45","60.09","R+"
"TIAA-CREF Life Insurance Company        ","A++","30-Year Level Term","242.50","63.05","Pf"
"TIAA-CREF Life Insurance Company        ","A++","30-Year Level Term  (NY)","242.50","63.05","Pf"
"Western-Southern Life Assurance Company ","A+","30-Year Guaranteed Level Term","246.00","68.88","P+"
"Cincinnati Life Insurance Company       ","A","LifeHorizons Termsetter 30","248.00","65.72","Rg"
"Cincinnati Life Insurance Company       ","A","LifeHorizons Termsetter 30  (MD)","248.00","65.72","Rg"
"Stonebridge Life Insurance Company      ","A+","Stonebridge Term - 30 Year","248.00","64.48","P+"
"American General Life Insurance Company ","A","Select-a-Term - 30 Year","249.00","65.99","R+"
"Pruco Life Insurance Company            ","A+","Term Elite 30  (<250K PruXpress ONLY)","249.00","65.99","Pf"
"Pruco Life Insurance Company            ","A+","Term Elite 30  (<250K PruXpress ONLY/WA)","249.00","65.99","Pf"
"Pruco Life Insurance Co of New Jersey   ","A+","Term Elite 30  (NY/<250K PruXpress ONLY)","249.00","65.99","Pf"
"United States Life Ins in the City of NY","A","Select-a-Term - 30 Year","249.00","65.99","R+"
"Genworth Life and Annuity Insurance Co  ","A","Colony Term UL 30  (50K-199K)","249.76","63.19","R+"
"Genworth Life Insurance Company         ","A","Colony Term UL 30  (50K-199K)","249.76","63.19","R+"
"Baltimore Life Insurance Company        ","B++","Secure Solution Protector - 30 Year Term","251.00","67.77","Pf"
"Banner Life Insurance Company           ","A+","OPTerm 30 - 30 Year Term","252.00","65.52","R+"
"Banner Life Insurance Company           ","A+","OPTerm 30 - 30 Year Term  (OR)","252.00","65.52","R+"
"ReliaStar Life Insurance Company  (ING) ","A","TermSmart 30 - 30 Year Term","252.00","66.78","R+"
"ReliaStar Life Insurance Company  (ING) ","A","TermSmart 30 - 30 Year Term  (OR)","252.00","66.78","R+"
"ReliaStar Life Insurance of NY    (ING) ","A","TermSmart 30 - 30 Year Term  (NY)","252.00","66.78","R+"
"William Penn Life Insurance Co of NY    ","A+","Penn Term 30","252.00","65.52","R+"
"Assurity Life Insurance Company         ","A-","Non Med Term 350 - 30 Year Level","253.00","66.79","P+"
"Assurity Life Insurance Company         ","A-","Non Med Term 350 - 30 Year Level  (WA)","253.00","66.79","P+"
"Ameritas Life Insurance Corp            ","A","Keystone Term 30","255.00","66.10","R+"
"Ameritas Life Insurance Corp            ","A","Keystone Term 30       (CA, IN, OR, PA)","255.00","66.10","R+"
"Ameritas Life Insurance Corp of New York","A","Keystone Term 30","255.00","66.10","R+"
"EMC National Life Company               ","B++","Term Select - 30 Year","255.00","67.58","R+"
"Union Central Life Insurance Company    ","A","Keystone Term 30  (WA)","255.00","66.10","R+"
"Sagicor Life Insurance Company          ","A-","Platinum Series 30","258.60","68.53","P+"
"Hartford Life and Annuity Insurance Co  ","A","Hartford Bicentennial Term 30","259.00","67.34","Pf"
"Hartford Life Insurance Company         ","A","Hartford Bicentennial Term 30","259.00","67.34","Pf"
"Illinois Mutual Life Insurance Company  ","B+","30-Year Term","259.00","68.64","R+"
"Midland National Life Insurance Company ","A+","Premier CS4 - 30 Year Term","260.00","70.07","Rg"
"North American Co for Life and Health   ","A+","ADDvantage 30","260.00","74.10","Rg"
"Symetra Life Insurance Company          ","A","30 Year Level Term  (2005)","261.00","69.17","Pf"
"Minnesota Life Insurance Company        ","A+","Advantage Elite Term Life - 30 Year","263.00","68.38","Rg"
"Securian Life Insurance Company         ","A+","Advantage Elite Term Life - 30 Year","263.00","68.38","Rg"
"Pruco Life Insurance Company            ","A+","Term Essential 30 (<250K PruXpress ONLY)","264.00","69.96","R+"
"Pruco Life Insurance Company            ","A+","Term Essential 30 (<250K PruXpress / WA)","264.00","69.96","R+"
"Pruco Life Insurance Co of New Jersey   ","A+","Term Essential 30 (NY/<250K PruXpress)","264.00","69.96","R+"
"American General Life Insurance Company ","A","Select-a-Term - 30 Year  (MS)","265.00","70.23","Rg"
"Centrian Life Insurance                 ","A+","T-30/30 - 30 Year Term Guaranteed 30","265.00","68.90","Rg"
"Savings Bank Life Insurance Co of MA    ","A+","T-30/30 - 30 Year Term Guaranteed 30","265.00","68.90","Rg"
"Savings Bank Life Insurance Co of MA    ","A+","T-30/30 - 30 Year Term Guaranteed (OR)","265.00","68.90","Rg"
"Transamerica Life Insurance Company     ","A+","TransTerm UL 30","265.00","67.26","Rg"
"Protective Life Insurance Company       ","A+","Secure-T - 30 Year No Lapse UL","265.52","67.09","Rg"
"Protective Life Insurance Company       ","A+","Secure-T - 30 Year No Lapse UL  (NV)","268.05","71.07","Rg"
"Protective Life Insurance Company       ","A+","Secure-T - 30 Year No Lapse UL  (OR)","268.05","67.67","Rg"
"Western-Southern Life Assurance Company ","A+","eTerm 30 - Guaranteed Level Term","269.00","75.32","Rg"
"AAA Life Insurance Company              ","A-","30 Year Level Term","270.00","70.20","Rg"
"Gleaner Life Insurance Society          ","A-","Gleaner Term - 30-Year","270.00","70.20","Rg"
"MTL Insurance Company                   ","A-","SelecTerm-30  (NV, NJ, OR)","270.00","70.88","Rg"
"Security Mutual Life Insurance Co of NY ","A-","LT Security Plus 30-Year","270.00","72.90","R+"
"Security Mutual Life Insurance Co of NY ","A-","LT Security Plus 30-Year  (NY)","270.00","72.90","R+"
"Stonebridge Life Insurance Company      ","A+","Stonebridge Term - 30 Year","270.00","70.20","P+"
"Genworth Life Insurance Company of NY   ","A","Colony Term UL 30  (50K-199K)","270.22","68.38","Rg"
"United of Omaha Life Insurance Company  ","A+","Term Life Answers 30  (MD)","270.50","74.39","R+"
"United of Omaha Life Insurance Company  ","A+","Term Life Complete - 30 Year","271.00","74.53","Pf"
"Western-Southern Life Assurance Company ","A+","30-Year Guaranteed Level Term","272.00","76.16","Pf"
"Companion Life Insurance Company of NY  ","A+","Term Life Answers 30","273.50","75.21","R+"
"United of Omaha Life Insurance Company  ","A+","Term Life Answers 30","273.50","75.21","R+"
"American General Life Insurance Company ","A","Select-a-Term - 30 Year","275.00","72.88","Rg"
"United States Life Ins in the City of NY","A","Select-a-Term - 30 Year","275.00","72.88","Rg"
"Banner Life Insurance Company           ","A+","OPTerm 30 - 30 Year Term","277.00","72.02","Rg"
"Banner Life Insurance Company           ","A+","OPTerm 30 - 30 Year Term  (OR)","277.00","72.02","Rg"
"William Penn Life Insurance Co of NY    ","A+","Penn Term 30","277.00","72.02","Rg"
"United of Omaha Life Insurance Company  ","A+","Term Life Answers 30  (MD)","279.50","76.86","Rg"
"MTL Insurance Company                   ","A-","SelecTerm-30","280.00","73.50","Rg"
"Companion Life Insurance Company of NY  ","A+","Term Life Answers 30","280.50","77.14","Rg"
"United of Omaha Life Insurance Company  ","A+","Term Life Answers 30","280.50","77.14","Rg"
"Fidelity Life Association               ","A-","Rapid Decision Term - 30 Year","281.00","78.68","Pf"
"Symetra Life Insurance Company          ","A","30 Year Level Term","281.00","74.47","Rg"
"Symetra Life Insurance Company          ","A","30 Year Level Term  (WA)","281.00","74.47","Rg"
"Genworth Life and Annuity Insurance Co  ","A","Colony Term UL 30  (50K-199K)","286.30","72.45","Rg"
"Genworth Life Insurance Company         ","A","Colony Term UL 30  (50K-199K)","286.30","72.45","Rg"
"Household Life Insurance Company        ","A-","30 Year Term","287.00","77.49","Rg"
"Royal Neighbors of America              ","A-","Royal Advantage 30 - 30 Year Level Term","287.00","76.06","Rg"
"Sagicor Life Insurance Company          ","A-","Platinum Series 30","287.20","76.11","Pf"
"Illinois Mutual Life Insurance Company  ","B+","30-Year Term","288.00","76.32","Rg"
"Ameritas Life Insurance Corp            ","A","Keystone Term 30","290.00","75.20","Rg"
"Ameritas Life Insurance Corp            ","A","Keystone Term 30       (CA, IN, OR, PA)","290.00","75.20","Rg"
"Ameritas Life Insurance Corp of New York","A","Keystone Term 30","290.00","75.20","Rg"
"Aviva Life and Annuity Company          ","A","30 Year Term 01-2010","290.00","75.40","R+"
"Aviva Life and Annuity Company          ","A","30 Year Term 01-2010  (WA)","290.00","75.40","R+"
"Aviva Life and Annuity of New York      ","A","Term 30 01-2010","290.00","75.40","R+"
"EMC National Life Company               ","B++","Term Select - 30 Year","290.00","76.85","Rg"
"Hartford Life and Annuity Insurance Co  ","A","Hartford Bicentennial Term 30","290.00","75.40","Rg"
"Hartford Life Insurance Company         ","A","Hartford Bicentennial Term 30","290.00","75.40","Rg"
"Transamerica Financial Life Insurance Co","A+","Trendsetter Super 30","290.00","75.40","Rg"
"Union Central Life Insurance Company    ","A","Keystone Term 30  (WA)","290.00","75.20","Rg"
"Assurity Life Insurance Company         ","A-","Non Med Term 350 - 30 Year Level","291.00","76.82","Pf"
"Assurity Life Insurance Company         ","A-","Non Med Term 350 - 30 Year Level  (WA)","291.00","76.82","Pf"
"Columbus Life Insurance Company         ","A+","Nautical Term - 30 Year","293.00","76.18","Rg"
"Columbus Life Insurance Company         ","A+","Nautical Term - 30 Year  (OR)","293.00","76.18","Rg"
"American National Insurance Company     ","A","ANICO Select 30","294.00","77.91","R+"
"TIAA-CREF Life Insurance Company        ","A++","30-Year Level Term","296.00","76.96","Rg"
"TIAA-CREF Life Insurance Company        ","A++","30-Year Level Term  (NY)","296.00","76.96","Rg"
"Motorists Life Insurance Company        ","A-","Value Term Plus - 30-Year Plan","303.00","78.78","Pf"
"Stonebridge Life Insurance Company      ","A+","Stonebridge Term - 30 Year","305.00","79.30","Pf"
"Security Mutual Life Insurance Co of NY ","A-","LT Protector 30-Year","310.00","82.15","Rg"
"Pruco Life Insurance Company            ","A+","Term Elite 30  (<250K PruXpress ONLY)","312.00","82.68","R+"
"Pruco Life Insurance Company            ","A+","Term Elite 30  (<250K PruXpress ONLY/WA)","312.00","82.68","R+"
"Pruco Life Insurance Co of New Jersey   ","A+","Term Elite 30  (NY/<250K PruXpress ONLY)","312.00","82.68","R+"
"Western-Southern Life Assurance Company ","A+","30-Year Guaranteed Level Term","312.00","87.36","Rg"
"Pruco Life Insurance Company            ","A+","Term Essential 30 (<250K PruXpress ONLY)","314.00","83.21","Rg"
"Pruco Life Insurance Company            ","A+","Term Essential 30 (<250K PruXpress / WA)","314.00","83.21","Rg"
"Pruco Life Insurance Co of New Jersey   ","A+","Term Essential 30 (NY/<250K PruXpress)","314.00","83.21","Rg"
"ReliaStar Life Insurance Company  (ING) ","A","TermSmart 30 - 30 Year Term","314.00","83.21","Rg"
"ReliaStar Life Insurance Company  (ING) ","A","TermSmart 30 - 30 Year Term  (OR)","314.00","83.21","Rg"
"ReliaStar Life Insurance of NY    (ING) ","A","TermSmart 30 - 30 Year Term  (NY)","314.00","83.21","Rg"
"Security Mutual Life Insurance Co of NY ","A-","LT Security Plus 30-Year","315.00","85.05","Rg"
"Security Mutual Life Insurance Co of NY ","A-","LT Security Plus 30-Year  (NY)","315.00","85.05","Rg"
"Fidelity Life Association               ","A-","Rapid Decision Mortgage Term - 30 Year","318.00","89.04","Pf"
"Baltimore Life Insurance Company        ","B++","Secure Solution Protector - 30 Year Term","320.00","86.40","Rg"
"Aviva Life and Annuity Company          ","A","30 Year Term 01-2010","322.00","83.72","Rg"
"Aviva Life and Annuity Company          ","A","30 Year Term 01-2010  (WA)","322.00","83.72","Rg"
"Aviva Life and Annuity of New York      ","A","Term 30 01-2010","322.00","83.72","Rg"
"Motorists Life Insurance Company        ","A-","Value Term Plus - 30-Year Plan","322.00","83.72","Rg"
"Stonebridge Life Insurance Company      ","A+","Simplified Issue Term - 30 Year","324.00","81.00","Rg"
"Transamerica Life Ins Co  (Family Mkt)  ","A+","Jet Simplified Issue - 30 Year Level","324.00","81.00","Rg"
"Transamerica Life Ins Co  (Family Mkt)  ","A+","Home Protector Elite - 30 Year Level","324.00","81.00","Rg"
"American National Insurance Company     ","A","ANICO Select 30","328.00","86.92","Rg"
"Fidelity Life Association               ","A-","Rapid Decision Mortgage Term - 30 Year","333.00","93.24","Rg"
"Fidelity Life Association               ","A-","Rapid Decision Term - 30 Year","335.00","93.80","Rg"
"United of Omaha Life Insurance Company  ","A+","Term Life Complete - 30 Year","336.00","92.40","Rg"
"Symetra Life Insurance Company          ","A","30 Year Level Term  (2005)","344.00","91.16","Rg"
"Independent Order of Foresters          ","A","Foresters Lifefirst - 30 Year (non-med)","348.00","92.55","Rg"
"United of Omaha Life Insurance Company  ","A+","Term Life Express - 30 Year","352.00","96.80","Rg"
"First MetLife Investors Insurance Co    ","A+","Guaranteed Level Term 30","357.00","96.39","Rg"
"MetLife Investors USA Insurance Company ","A+","Guaranteed Level Term 30","357.00","96.39","Rg"
"Pruco Life Insurance Company            ","A+","Term Elite 30  (<250K PruXpress ONLY)","371.00","98.32","Rg"
"Pruco Life Insurance Company            ","A+","Term Elite 30  (<250K PruXpress ONLY/WA)","371.00","98.32","Rg"
"Pruco Life Insurance Co of New Jersey   ","A+","Term Elite 30  (NY/<250K PruXpress ONLY)","371.00","98.32","Rg"
"Sagicor Life Insurance Company          ","A-","Platinum Series 30","373.00","98.85","Rg"
"Stonebridge Life Insurance Company      ","A+","Stonebridge Term - 30 Year","373.00","96.98","Rg"
"Assurity Life Insurance Company         ","A-","Non Med Term 350 - 30 Year Level","378.00","99.79","Rg"
"Assurity Life Insurance Company         ","A-","Non Med Term 350 - 30 Year Level  (WA)","378.00","99.79","Rg"
"American-Amicable Life Insurance of TX  ","A-","Easy Term 30  (Simplified Issue)","381.00","104.01","Rg"
"Americo Financial Life and Annuity Ins. ","A-","Home Mortgage Series - 30/30 year","382.00","N/A","Rg"
"First Central National Life of New York ","A-","Simple Term - 30 Year","383.00","99.58","Rg"
"Sagicor Life Insurance Company          ","A-","Gold Series 30 ZZ Term","439.30","116.41","Pf"
"United Home Life Insurance Company      ","A-","Express Issue Term 30","450.00","121.50","Rg"
"Sagicor Life Insurance Company          ","A-","Gold Series 30 ZZ Term","476.40","126.25","Rg"
"Fidelity Life Association               ","A-","Rapid Decision Express - 30 Year","485.00","135.80","Rg"
