AAAL,AAAL,10 Year Level Term,3
,,15 Year Level Term,4
,,20 Year Level Term,5
,,25 Year Level Term,6
,,30 Year Level Term,7
,,LifeTime UL (LTULII),8
,,15 Year Level Term  (with ROP),J
,,20 Year Level Term  (with ROP),K
,,25 Year Level Term  (with ROP),L
,,30 Year Level Term  (with ROP),M
AAAP,,10 Year Level Term  (Super Pfd/Std Plus),3
,,15 Year Level Term  (Super Pfd/Std Plus),4
,,20 Year Level Term  (Super Pfd/Std Plus),5
,,25 Year Level Term  (Super Pfd/Std Plus),6
,,30 Year Level Term  (Super Pfd/Std Plus),7
,,LifeTime UL (LTULII)  (Super Preferred),8
,,15 Year Level Term  (Super Pfd/Std Plus),J
,,20 Year Level Term  (Super Pfd/Std Plus),K
,,25 Year Level Term  (Super Pfd/Std Plus),L
,,30 Year Level Term  (Super Pfd/Std Plus),M
AAIL,AMIL,MegaTerm(NY) 10 - 10 Year Term,3
ALLE,ALLI,10 Year Term Life  (P+ Elite Select),3
,,20 Year Term Life  (P+ Elite Select),5
ALLI,,10 Year Term Life  (2004),3
,,20 Year Term Life  (2004),5
ALLS,,10 Year Term Life  (P+ Super/R+Select),3
,,20 Year Term Life  (P+ Super/R+Select),5
ALTE,,10 Year Term Life  (P+ Elite Select),3
,,20 Year Term Life  (P+ Elite Select),5
,,30 Year Term Life  (P+ Elite Select),7
,,20 Year Term Life  (P+ Elite Select),K
,,30 Year Term Life  (P+ Elite Select),M
ALTI,,10 Year Term Life,3
,,20 Year Term Life,5
,,30 Year Term Life,7
,,20 Year Term Life with ROP,K
,,30 Year Term Life with ROP,M
ALTS,,10 Year Term Life  (P+ Super/R+ Select),3
,,20 Year Term Life  (P+ Super/R+ Select),5
,,30 Year Term Life  (P+ Super/R+ Select),7
,,20 Year Term Life  (P+ Super/R+ Select),K
,,30 Year Term Life  (P+ Super/R+ Select),M
ALUI,,Generation Planner II  (1980 CSO),8
,,GenDex-RP UL - 20 year no lapse with ROP,K
ALUS,,Generation Planner II  (P+ Super/R+ Sel),8
,,GenDex-RP UL - w/ROP  (P+Super/R+Select),K
ALWI,,Generation Planner II - U/L no lapse,8
ALWS,,Generation Planner II  (P+ Super/R+ Sel),8
AMAM,AMAM,Easy Term 10  (Simplified Issue),3
,,Easy Term 20  (Simplified Issue),5
,,Easy Term 30  (Simplified Issue),7
,,Easy Term 20 w/ROP  (Simplified 06-9691),K
,,Easy Term 30 w/ROP  (Simplified 06-9691),M
AMBM,,Easy Term 20 w/ROP  (Simplified 07-9734),K
,,Easy Term 30 w/ROP  (Simplified 07-9734),M
AMCO,AMCO,Term 10 Level Term Life,3
,,Term 15 Level Term Life,4
,,Term 20 Level Term Life,5
AMEH,AMHO,ART - Annual Renewable Term,1
AMFI,AMFI,T2 EZ 20 Year,5
,,T2 EZ 25 Year,6
,,T2 EZ 30 Year,7
AMHE,AMHE,"Current Premium" 10 Year R & C Term,3
AMMV,AVIV,10 Year Term (10YT),3
,,15 Year Term (15YT),4
,,20 Year Term (20YT),5
AMMW,,10 Year Term  (Premier),3
,,15 Year Term  (Premier),4
,,20 Year Term  (Premier),5
AMNP,AMNT,ANICO Select 10  (Plus),3
,,ANICO Select 15  (Plus),4
,,ANICO Select 20  (Plus),5
,,ANICO Select 30  (Plus),7
,,ANICO Select 15 with ROP  (Plus),J
,,ANICO Select 20 with ROP  (Plus),K
,,ANICO Select 30 with ROP  (Plus),M
AMNT,,ANICO Select 10,3
,,ANICO Select 15,4
,,ANICO Select 20,5
,,ANICO Select 30,7
,,ANICO Select 15 with ROP,J
,,ANICO Select 20 with ROP,K
,,ANICO Select 30 with ROP,M
AMTL,AMTA,Low-Load 10 Year Term,3
,,Low-Load 20 Year Term,5
,,Low-Load 30 Year Term,7
AMTP,,Low-Load 10 Year Term  (Super Preferred),3
,,Low-Load 20 Year Term  (Super Preferred),5
,,Low-Load 30 Year Term  (Super Preferred),7
AMTV,AVIV,Term 2005 - 10 Year Level Term,3
,,Term 2005 - 15 Year Level Term,4
,,Term 2005 - 20 Year Level Term,5
,,Term 2005 - 30 Year Level Term,7
,,Advantage Builder Indexed UL w/NLG,8
AMTW,,Term 2005 - 10 Year  (Preferred Plus),3
,,Term 2005 - 15 Year  (Preferred Plus),4
,,Term 2005 - 20 Year  (Preferred Plus),5
,,Term 2005 - 30 Year  (Preferred Plus),7
,,Advantage Builder Indexed UL w/NLG  (P+),8
AMUN,AMSU,Term Protector Series III - LTP 10/10,3
,,Term Protector Series III - LTP 15/15,4
,,Term Protector Series III - LTP 20/20,5
AMUS,,LTP 10/10  (P+ Elite / R+ Preferred),3
,,LTP 15/15  (P+ Elite / R+ Preferred),4
,,LTP 20/20  (P+ Elite / R+ Preferred),5
ANNP,AMNT,LTG Universal Life - no lapse 100 (Plus),8
ANNT,,LTG Universal Life - no lapse to 100,8
AOAL,AAAL,10 Year Level Term  (2005),3
,,15 Year Level Term  (2005),4
,,20 Year Level Term  (2005),5
,,25 Year Level Term  (2005),6
,,30 Year Level Term  (2005),7
,,15 Year Level Term  (with ROP / 2005),J
,,20 Year Level Term  (with ROP / 2005),K
,,25 Year Level Term  (with ROP / 2005),L
,,30 Year Level Term  (with ROP / 2005),M
AOAP,,10 Year Level Term  (Super Preferred),3
,,15 Year Level Term  (Super Preferred),4
,,20 Year Level Term  (Super Preferred),5
,,25 Year Level Term  (Super Preferred),6
,,30 Year Level Term  (Super Preferred),7
,,15 Year Level Term  (Super Pfd w/ROP),J
,,20 Year Level Term  (Super Pfd w/ROP),K
,,25 Year Level Term  (Super Pfd w/ROP),L
,,30 Year Level Term  (Super Pfd w/ROP),M
AOWL,,10 Year Level Term  (WA),3
,,15 Year Level Term  (WA),4
,,20 Year Level Term  (WA),5
,,25 Year Level Term  (WA),6
,,30 Year Level Term  (WA),7
AOWP,,10 Year Level Term  (Super Pfd / WA),3
,,15 Year Level Term  (Super Pfd / WA),4
,,20 Year Level Term  (Super Pfd / WA),5
,,25 Year Level Term  (Super Pfd / WA),6
,,30 Year Level Term  (Super Pfd / WA),7
ARAS,AMGF,LTG Ultra-C 10  (Special / 2006),8
ARBS,,LTG Ultra-C 15  (Special / 2006),8
ARCG,AMGE,LTG Ultra-C 10,3
,,LTG Ultra-C 15,4
,,LTG Ultra-C 20,5
,,LTG Ultra-C 30,7
,,ContinUL Extend - no lapse U/L,8
ARCH,,LTG Ultra-C 10  (Plus),3
,,LTG Ultra-C 15  (Plus),4
,,LTG Ultra-C 20  (Plus),5
,,LTG Ultra-C 30  (Plus),7
,,ContinUL Extend - no lapse U/L  (Pfd+),8
ARCS,AMGF,LTG Ultra-C 20  (Special / 2006),8
ARDS,,LTG Ultra-C 30  (Special / 2006),8
ARES,,LTG Ultra 10    (Special / MS),8
ARFS,,LTG Ultra 15    (Special / MS),8
ARGS,,LTG Ultra 20    (Special / MS),8
ARHS,,LTG Ultra 30    (Special / MS),8
ARIS,,ROP Term 15     (Special / 2006),8
ARJS,,ROP Term 20     (Special / 2006),8
ARKS,,ROP Term 30     (Special / 2006),8
ARLP,AMSV,LifeTerm 15  (Ultra Preferred),4
,,LifeTerm 20  (Ultra Preferred),5
,,LifeTerm 30  (Ultra Preferred),7
,,LifeTerm 15  (Ultra Preferred / w/ROP),J
,,LifeTerm 20  (Ultra Preferred / w/ROP),K
,,LifeTerm 30  (Ultra Preferred / w/ROP),M
ARLS,AMGF,Select-a-Term 10    (Special),8
ARLT,AMSV,LifeTerm 15,4
,,LifeTerm 20,5
,,LifeTerm 30,7
,,LifeTerm 15   (with ROP),J
,,LifeTerm 20   (with ROP),K
,,LifeTerm 30   (with ROP),M
ARMS,AMGF,Select-a-Term 15    (Special),8
ARMT,AMSV,Home Mortgage Series - 15/15 year,4
,,Home Mortgage Series - 20/20 year,5
,,Home Mortgage Series - 25/25 year,6
,,Home Mortgage Series - 30/30 year,7
,,Home Mortgage Series - 15/15 year/ROP,J
,,Home Mortgage Series - 20/20 year/ROP,K
,,Home Mortgage Series - 25/25 year/ROP,L
,,Home Mortgage Series - 30/30 year/ROP,M
ARNS,AMGF,Select-a-Term 20    (Special),8
AROS,,Select-a-Term 25    (Special),8
ARPS,,Select-a-Term 30    (Special),8
ARSG,AMGE,Select-a-Term - 10 Year,3
,,Select-a-Term - 15 Year,4
,,Select-a-Term - 20 Year,5
,,Select-a-Term - 25 Year,6
,,Select-a-Term - 30 Year,7
,,ROP Select-a-Term - 15 Year,J
,,ROP Select-a-Term - 20 Year,K
,,ROP Select-a-Term - 25 Year,L
,,ROP Select-a-Term - 30 Year,M
,,Select-a-Term - Level to 65,T
,,Select-a-Term - Level to 70,U
,,Select-a-Term - Level to 75,V
,,ROP Select-a-Term - Level to 65,W
,,ROP Select-a-Term - Level to 70,X
,,ROP Select-a-Term - Level to 75,Y
ARSH,,Select-a-Term - 10 Year  (Plus),3
,,Select-a-Term - 15 Year  (Plus),4
,,Select-a-Term - 20 Year  (Plus),5
,,Select-a-Term - 25 Year  (Plus),6
,,Select-a-Term - 30 Year  (Plus),7
,,ROP Select-a-Term - 15 Year  (Plus),J
,,ROP Select-a-Term - 20 Year  (Plus),K
,,ROP Select-a-Term - 25 Year  (Plus),L
,,ROP Select-a-Term - 30 Year  (Plus),M
,,Select-a-Term - Level to 65  (Plus),T
,,Select-a-Term - Level to 70  (Plus),U
,,Select-a-Term - Level to 75  (Plus),V
,,ROP Select-a-Term - Level to 65  (Plus),W
,,ROP Select-a-Term - Level to 70  (Plus),X
,,ROP Select-a-Term - Level to 75  (Plus),Y
ARSP,AMSV,SecuriTerm 10  (Ultra Preferred),3
ARST,,SecuriTerm 1,1
,,SecuriTerm 10,3
ARXG,AMGE,Select-a-Term - 10 Year  (OR),3
,,Select-a-Term - 15 Year  (OR),4
,,Select-a-Term - 20 Year  (OR),5
,,Select-a-Term - 25 Year  (OR),6
,,Select-a-Term - 30 Year  (OR),7
,,ContinUL Extend - no lapse U/L  ($500K),8
,,ROP Term 15     (2006),J
,,ROP Term 20     (2006),K
,,ROP Term 30     (2006),M
,,Select-a-Term - Level to 65  (2007),T
,,Select-a-Term - Level to 70  (2007),U
,,Select-a-Term - Level to 75  (2007),V
ARXH,,Select-a-Term - 10 Year  (Plus/OR),3
,,Select-a-Term - 15 Year  (Plus/OR),4
,,Select-a-Term - 20 Year  (Plus/OR),5
,,Select-a-Term - 25 Year  (Plus/OR),6
,,Select-a-Term - 30 Year  (Plus/OR),7
,,ContinUL Extend - no lapse U/L  (P+/500K,8
,,ROP Term 15  (Plus / 2006),J
,,ROP Term 20  (Plus / 2006),K
,,ROP Term 30  (Plus / 2006),M
,,Select-a-Term - Level to 65  (Plus/07),T
,,Select-a-Term - Level to 70  (Plus/07),U
,,Select-a-Term - Level to 75  (Plus/07),V
ARXT,AMSV,Home Mortgage Series - 15/5 year,4
,,Home Mortgage Series - 20/5 year,5
,,Home Mortgage Series - 25/5 year,6
,,Home Mortgage Series - 30/5 year,7
,,Home Mortgage Series - 15/5 year/ROP,J
,,Home Mortgage Series - 20/5 year/ROP,K
,,Home Mortgage Series - 25/5 year/ROP,L
,,Home Mortgage Series - 30/5 year/ROP,M
ASAG,AMGF,Select-a-Term - 12 Year,8
ASAH,,Select-a-Term - 12 Year  (Plus),8
ASBG,,Select-a-Term - 16 Year,8
ASBH,,Select-a-Term - 16 Year  (Plus),8
ASCG,,Select-a-Term - 17 Year,8
ASCH,,Select-a-Term - 17 Year  (Plus),8
ASDG,,Select-a-Term - 18 Year,8
ASDH,,Select-a-Term - 18 Year  (Plus),8
ASEG,,Select-a-Term - 19 Year,8
ASEH,,Select-a-Term - 19 Year  (Plus),8
ASFG,,Select-a-Term - 21 Year,8
,AMGG,ROP Select-a-Term - 21 Year,N
ASFH,AMGF,Select-a-Term - 21 Year  (Plus),8
,AMGG,ROP Select-a-Term - 21 Year  (Plus),N
ASGG,AMGF,Select-a-Term - 22 Year,8
,AMGG,ROP Select-a-Term - 22 Year,N
ASGH,AMGF,Select-a-Term - 22 Year  (Plus),8
,AMGG,ROP Select-a-Term - 22 Year  (Plus),N
ASHG,AMGF,Select-a-Term - 23 Year,8
,AMGG,ROP Select-a-Term - 23 Year,N
ASHH,AMGF,Select-a-Term - 23 Year  (Plus),8
,AMGG,ROP Select-a-Term - 23 Year  (Plus),N
ASIG,AMGF,Select-a-Term - 24 Year,8
,AMGG,ROP Select-a-Term - 24 Year,N
ASIH,AMGF,Select-a-Term - 24 Year  (Plus),8
,AMGG,ROP Select-a-Term - 24 Year  (Plus),N
ASJG,AMGF,Select-a-Term - 26 Year,8
,AMGG,ROP Select-a-Term - 26 Year,N
ASJH,AMGF,Select-a-Term - 26 Year  (Plus),8
,AMGG,ROP Select-a-Term - 26 Year  (Plus),N
ASKG,AMGF,Select-a-Term - 27 Year,8
,AMGG,ROP Select-a-Term - 27 Year,N
ASKH,AMGF,Select-a-Term - 27 Year  (Plus),8
,AMGG,ROP Select-a-Term - 27 Year  (Plus),N
ASLG,AMGF,Select-a-Term - 28 Year,8
,AMGG,ROP Select-a-Term - 28 Year,N
ASLH,AMGF,Select-a-Term - 28 Year  (Plus),8
,AMGG,ROP Select-a-Term - 28 Year  (Plus),N
ASMG,AMGF,Select-a-Term - 29 Year,8
,AMGG,ROP Select-a-Term - 29 Year,N
ASMH,AMGF,Select-a-Term - 29 Year  (Plus),8
,AMGG,ROP Select-a-Term - 29 Year  (Plus),N
ASNG,AMGF,Select-a-Term - 31 Year,8
,AMGG,ROP Select-a-Term - 31 Year,N
ASNH,AMGF,Select-a-Term - 31 Year  (Plus),8
,AMGG,ROP Select-a-Term - 31 Year  (Plus),N
ASOG,AMGF,Select-a-Term - 32 Year,8
,AMGG,ROP Select-a-Term - 32 Year,N
ASOH,AMGF,Select-a-Term - 32 Year  (Plus),8
,AMGG,ROP Select-a-Term - 32 Year  (Plus),N
ASPG,AMGF,Select-a-Term - 33 Year,8
,AMGG,ROP Select-a-Term - 33 Year,N
ASPH,AMGF,Select-a-Term - 33 Year  (Plus),8
,AMGG,ROP Select-a-Term - 33 Year  (Plus),N
ASQG,AMGF,Select-a-Term - 34 Year,8
,AMGG,ROP Select-a-Term - 34 Year,N
ASQH,AMGF,Select-a-Term - 34 Year  (Plus),8
,AMGG,ROP Select-a-Term - 34 Year  (Plus),N
ASRG,AMGF,Select-a-Term - 35 Year,8
,AMGG,ROP Select-a-Term - 35 Year,N
ASRH,AMGF,Select-a-Term - 35 Year  (Plus),8
,AMGG,ROP Select-a-Term - 35 Year  (Plus),N
ASSU,ASSU,Non Med Term - 10 Year Level,3
,,Non Med Term - 15 Year Level,4
,,Non Med Term - 20 Year Level,5
,,Non Med Term - 30 Year Level,7
AUOP,AURO,10-Year Term  (issue ages 71-75),3
AURG,AMGE,Elite Universal G - no lapse to age 100,8
AURH,,Elite Universal G - no lapse to 100 (P+),8
AURO,AURO,10-Year Term,3
AWSP,AMSV,SecuriTerm 10  (Ultra Preferred / WA),3
AWST,,SecuriTerm 1  (WA),1
,,SecuriTerm 10  (WA),3
AXAA,AXAA,Annual Renewable Term  (147),1
,,Equitable Term 10  (147),3
,,Equitable Term 15  (147),4
,,Equitable Term 20  (147),5
,,Equitable Term 30  (147),7
,,Athena UL II - w/Lapse Protection (2004),8
,,Equitable ROP Term 20  (148),K
,,Equitable ROP Term 25  (148),L
,,Equitable ROP Term 30  (148),M
AXAP,,Annual Renewable Term (Elite/Plus / 147),1
,,Equitable Term 10  (Elite/Plus / 147),3
,,Equitable Term 15  (Elite/Plus / 147),4
,,Equitable Term 20  (Elite/Plus / 147),5
,,Equitable Term 30  (Elite/Plus / 147),7
,,Athena UL II - w/Lapse Protection (Pfd+),8
,,Equitable ROP Term 20  (Plus / 148),K
,,Equitable ROP Term 25  (Plus / 148),L
,,Equitable ROP Term 30  (Plus / 148),M
AXYA,,Annual Renewable Term  (147 / NY),1
,,Equitable Term 10  (147 / NY),3
,,Equitable Term 15  (147 / NY),4
,,Equitable Term 20  (147 / NY),5
,,Equitable Term 30  (147 / NY),7
,,Athena UL LPR - Lapse Protection Rider,8
AXYP,,Annual Renewable Term  (Plus / 147 / NY),1
,,Equitable Term 10  (Plus / 147 / NY),3
,,Equitable Term 15  (Plus / 147 / NY),4
,,Equitable Term 20  (Plus / 147 / NY),5
,,Equitable Term 30  (Plus / 147 / NY),7
,,Athena UL LPR - Lapse Protection (Pfd+),8
AYGL,ALLS,TrueTerm - 10 Year,3
,,TrueTerm - 15 Year,4
,,TrueTerm - 20 Year,5
,,TrueTerm - 30 Year,7
AYGM,,TrueTerm - 10 Year (P+ Elite# R+ Select),3
,,TrueTerm - 15 Year (P+ Elite# R+ Select),4
,,TrueTerm - 20 Year (P+ Elite# R+ Select),5
,,TrueTerm - 30 Year (P+ Elite# R+ Select),7
BALT,BALT,Secure Solution Protector - 10 Year Term,3
,,Secure Solution Protector - 15 Year Term,4
,,Secure Solution Protector - 20 Year Term,5
,,Secure Solution Protector - 30 Year Term,7
BANN,BANN,OPTerm 10 - 10 Year Term  (Plus),3
,,OPTerm 15 - 15 Year Term  (Plus),4
,,OPTerm 20 - 20 Year Term  (Plus),5
,,OPTerm 30 - 30 Year Term  (Plus),7
BANS,,OPTerm 10 - 10 Year Term,3
,,OPTerm 15 - 15 Year Term,4
,,OPTerm 20 - 20 Year Term,5
,,OPTerm 30 - 30 Year Term,7
BAYE,BANC,20 Year Guaranteed Term,5
,,30 Year Guaranteed Term,7
,,Empire Solutions Indexed UL w/NLG,8
BAYP,,20 Year Guaranteed Term  (Pfd Plus),5
,,30 Year Guaranteed Term  (Pfd Plus),7
,,Empire Solutions Indexed UL w/NLG  (P+),8
BONN,BANN,OPTerm 10 - 10 Year Term  (Plus/OR),3
,,OPTerm 15 - 15 Year Term  (Plus/OR),4
,,OPTerm 20 - 20 Year Term  (Plus/OR),5
,,OPTerm 30 - 30 Year Term  (Plus/OR),7
BONS,,OPTerm 10 - 10 Year Term  (OR),3
,,OPTerm 15 - 15 Year Term  (OR),4
,,OPTerm 20 - 20 Year Term  (OR),5
,,OPTerm 30 - 30 Year Term  (OR),7
BUNN,,Continuity UL 100 - 10 Year (Plus),3
,,Advantra - U/L w/20 Year Guar. (Plus),5
,,Continuity UL 100 - Gtd to 100 (Plus),8
BUNS,,Continuity UL 100 - 10 Year No-Lapse,3
,,Advantra - U/L w/20 Year Guarantee,5
,,Continuity UL 100 - Guaranteed to 100,8
CERE,CERE,10 Year Level Term Plan,3
CEST,CEST,10 Year Level Premium Term,3
CETN,CETN,Term Guaranteed 10  (CT),3
,,Term Guaranteed 15  (CT),4
,,Term Guaranteed 20  (CT),5
,,Term Guaranteed 25  (CT),6
,,Term Guaranteed 30  (CT),7
CETP,,Term Guaranteed 10  (CT / Pf+/ Rg+),3
,,Term Guaranteed 15  (CT / Pf+ / Rg+),4
,,Term Guaranteed 20  (CT / Pf+ / Rg+),5
,,Term Guaranteed 25  (CT / Pf+ / Rg+),6
,,Term Guaranteed 30  (CT / Pf+ / Rg+),7
CGNN,CALI,Universal Life 2 Guaranteed,8
CGNP,,Universal Life 2 Guaranteed (Ultra Pfd),8
CHMS,CHES,10 Year Term,3
,,15 Year Term,4
,,20 Year Term,5
,,30 Year Term,7
,,C-100 U/L - No Lapse Guaranteed to 100,8
,,20 Year Term  (with ROP),K
,,30 Year Term  (ROP),M
CHNS,,10 Year Term  (non-medical),3
,,15 Year Term  (non-medical),4
,,20 Year Term  (non-medical),5
,,30 Year Term  (non-medical),7
,,C-100 U/L - No Lapse to 100  (non-med),8
CHUE,,C-100 U/L - 15 Year No Lapse (Pfd Plus),4
,,C-100 U/L - No Lapse to 100  (Pfd Plus),8
CHUP,,C-100 U/L - 15 Year No Lapse (Preferred),4
,,C-100 U/L - No Lapse to 100  (Preferred),8
CHUS,,C-100 U/L - 15 Year No Lapse Guarantee,4
,,C-100 U/L - No Lapse Guaranteed to 100,8
CIDN,CINN,LifeHorizons Termsetter 15  (MD),4
,,LifeHorizons Termsetter 20  (MD),5
,,LifeHorizons Termsetter 25  (MD),6
,,LifeHorizons Termsetter 30  (MD),7
CIDP,,LifeHorizons Termsetter 15  (Sel+/MD),4
,,LifeHorizons Termsetter 20  (Sel+/MD),5
,,LifeHorizons Termsetter 25  (Sel+/MD),6
,,LifeHorizons Termsetter 30  (Sel+/MD),7
CIDS,,LifeHorizons Termsetter 15  (Super/MD),4
,,LifeHorizons Termsetter 20  (Super/MD),5
,,LifeHorizons Termsetter 25  (Super/MD),6
,,LifeHorizons Termsetter 30  (Super/MD),7
CIFN,,LifeHorizons Termsetter Plus 15 (ROP/FL),J
,,LifeHorizons Termsetter Plus 20 (ROP/FL),K
,,LifeHorizons Termsetter Plus 25 (ROP/FL),L
,,LifeHorizons Termsetter Plus 30 (ROP/FL),M
CIFP,,Termsetter Plus 15  (Select + / ROP/FL),J
,,Termsetter Plus 20  (Select + / ROP/FL),K
,,Termsetter Plus 25 (Select + / ROP/FL),L
,,Termsetter Plus 30  (Select + / ROP/FL),M
CINN,,LifeHorizons Termsetter 10,3
,,LifeHorizons Termsetter 15,4
,,LifeHorizons Termsetter 20,5
,,LifeHorizons Termsetter 25,6
,,LifeHorizons Termsetter 30,7
CINP,,LifeHorizons Termsetter 10  (Select +),3
,,LifeHorizons Termsetter 15  (Select +),4
,,LifeHorizons Termsetter 20  (Select +),5
,,LifeHorizons Termsetter 25  (Select +),6
,,LifeHorizons Termsetter 30  (Select +),7
CINS,,LifeHorizons Termsetter 10  (Super Sel),3
,,LifeHorizons Termsetter 15  (Super Sel),4
,,LifeHorizons Termsetter 20  (Super Sel),5
,,LifeHorizons Termsetter 25  (Super Sel),6
,,LifeHorizons Termsetter 30  (Super Sel),7
CIPN,,LifeHorizons Termsetter Plus 15 (ROP/PA),J
,,LifeHorizons Termsetter Plus 20 (ROP/PA),K
,,LifeHorizons Termsetter Plus 25 (ROP/PA),L
,,LifeHorizons Termsetter Plus 30 (ROP/PA),M
CIPP,,Termsetter Plus 15  (Select + / ROP/PA),J
,,Termsetter Plus 20  (Select + / ROP/PA),K
,,Termsetter Plus 25 (Select + / ROP/PA),L
,,Termsetter Plus 30  (Select + / ROP/PA),M
CIRN,,Life Horizons UL 120,8
,,LifeHorizons Termsetter Plus 15 (w/ROP),J
,,LifeHorizons Termsetter Plus 20 (w/ROP),K
,,LifeHorizons Termsetter Plus 25 (w/ROP),L
,,LifeHorizons Termsetter Plus 30 (w/ROP),M
CIRP,,Life Horizons UL 120  (Select Plus),8
,,Termsetter Plus 15  (Select + / ROP),J
,,Termsetter Plus 20  (Select + / ROP),K
,,Termsetter Plus 25 (Select + / ROP),L
,,Termsetter Plus 30  (Select + / ROP),M
CMOR,CONS,Conseco Mortgage Term - 10 Year,3
,,Conseco Mortgage Term - 15 Year,4
,,Conseco Mortgage Term - 20 Year,5
,,Conseco Mortgage Term - 30 Year,7
,,Conseco Mortgage Term - 20 Year  (w/ROP),K
,,Conseco Mortgage Term - 30 Year  (w/ROP),M
COBD,COLL,Term Line 20 - 20 Year (Low Band),5
COBP,COLU,Nautical Term - 10 Year  (Pfd Plus),3
,,Nautical Term - 20 Year  (Pfd Plus),5
,,Nautical Term - 30 Year  (Pfd Plus),7
,,Nautical Term - 20 Year with ROP  (Pfd+),K
,,Nautical Term - 30 Year with ROP  (Pfd+),M
COBS,,Nautical Term - 10 Year  (Super Pfd),3
,,Nautical Term - 20 Year  (Super Pfd),5
,,Nautical Term - 30 Year  (Super Pfd),7
,,Nautical Term - 20 Year with ROP (Super),K
,,Nautical Term - 30 Year with ROP (Super),M
COBU,,Nautical Term - 10 Year,3
,,Nautical Term - 20 Year,5
,,Nautical Term - 30 Year,7
,,Nautical Term - 20 Year with ROP,K
,,Nautical Term - 30 Year with ROP,M
COCL,COLL,Term Line 10 - 10 Year R&C Term,3
COEL,COLM,Term Line 15 - 15 Year R&C Term,4
COFL,COLL,CLIC 10 - 10 Year R & C Term,3
,COLM,Term Line 20 - 20 Year (Low Band),5
COGL,,GTL-10 - 10 Year R & C Term,3
COLC,COLL,Term Line 15 - 15 Year R&C Term,4
,,Term Line 20 - 20 Year R&C Term,5
COLE,COLM,Term Line 10 - 10 Year R&C Term,3
,,Term Line 20 - 20 Year R&C Term,5
COMP,COMP,Term Life 10 - 10 Year Term,3
,,Term Life 15 - 15 Year Term,4
,,Term Life 20 - 20 Year Term,5
,,Term Life 30 - 30 Year Term,7
,,GUL Complete - Guaranteed to 120,8
COMS,,Term Life 10  (Plus),3
,,Term Life 15  (Plus),4
,,Term Life 20  (Plus),5
,,Term Life 30  (Plus),7
,,GUL Complete - Guaranteed to 120  (Plus),8
CONP,CONS,Conseco Term - 15 Year  (Pfd Plus),4
,,Conseco Term - 20 Year  (Pfd Plus),5
,,Conseco Term - 30 Year  (Pfd Plus),7
,,Conseco Term - 20 Year  (with ROP/Pfd+),K
,,Conseco Term - 30 Year  (with ROP/Pfd+),M
CONS,,Conseco Term - 15 Year,4
,,Conseco Term - 20 Year,5
,,Conseco Term - 30 Year,7
,,Conseco Term - 20 Year  (with ROP),K
,,Conseco Term - 30 Year  (with ROP),M
CONT,COTG,Annual Renewable Term to Age 100,1
,,5 Year Renewable Term,2
COOP,COLU,Nautical Term - 10 Year  (Pfd Plus/OR),3
,,Nautical Term - 20 Year  (Pfd Plus/OR),5
,,Nautical Term - 30 Year  (Pfd Plus/OR),7
,,Nautical Term - 20 Year with ROP (P+/OR),K
,,Nautical Term - 30 Year with ROP (P+/OR),M
COOS,,Nautical Term - 10 Year  (Super Pfd/OR),3
,,Nautical Term - 20 Year  (Super Pfd/OR),5
,,Nautical Term - 30 Year  (Super Pfd/OR),7
,,Nautical Term - 20 Year with ROP (Sp/OR),K
,,Nautical Term - 30 Year with ROP (Sp/OR),M
COOU,,Nautical Term - 10 Year  (OR),3
,,Nautical Term - 20 Year  (OR),5
,,Nautical Term - 30 Year  (OR),7
,,Nautical Term - 20 Year with ROP (OR),K
,,Nautical Term - 30 Year with ROP (OR),M
CRDN,CINN,LifeHorizons Termsetter Plus 15 (ROP/MD),J
,,LifeHorizons Termsetter Plus 20 (ROP/MD),K
,,LifeHorizons Termsetter Plus 25 (ROP/MD),L
,,LifeHorizons Termsetter Plus 30 (ROP/MD),M
CRDP,,Termsetter Plus 15  (Select + / ROP/MD),J
,,Termsetter Plus 20  (Select + / ROP/MD),K
,,Termsetter Plus 25 (Select + / ROP/MD),L
,,Termsetter Plus 30  (Select + / ROP/MD),M
EMUU,EMPL,10-Year Level Term,3
,,15-Year Level Term,4
,,20-Year Level Term,5
,,30-Year Level Term,7
EMUV,,10-Year Level Term  (Super Preferred),3
,,15-Year Level Term  (Super Preferred),4
,,20-Year Level Term  (Super Preferred),5
,,30-Year Level Term  (Super Preferred),7
EMVU,,ULTRA Value Term - 10 Year,3
,,ULTRA Value Term - 15 Year,4
,,ULTRA Value Term - 20 Year,5
,,ULTRA Value Term - 30 Year,7
,,ULTRA Value Term - 15 Year with ROP,J
,,ULTRA Value Term - 20 Year with ROP,K
,,ULTRA Value Term - 30 Year with ROP,M
EMVV,,ULTRA Value Term - 10 Year  (Pfd Plus),3
,,ULTRA Value Term - 15 Year  (Pfd Plus),4
,,ULTRA Value Term - 20 Year  (Pfd Plus),5
,,ULTRA Value Term - 30 Year  (Pfd Plus),7
,,ULTRA Value Term - 15 Year with ROP (P+),J
,,ULTRA Value Term - 20 Year with ROP (P+),K
,,ULTRA Value Term - 30 Year with ROP (P+),M
FAJM,FAMI,10-Year Level Term,3
FAMI,,10-Year Level Term  (10#000-74#999),3
,,Primary 20+ - Decreasing term at age 70,5
,,Primary 7 - 7-Year Level Term Insurance,8
FICE,FIRC,Simple Term - 10 Year,3
,,Simple Term - 15 Year,4
,,Simple Term - 20 Year,5
,,Simple Term - 30 Year,7
FICP,GEAN,Colony 10,3
,,Colony 15,4
,,Colony 20,5
,,Colony 30,7
,,Lifetime FlexPlus II,8
FICQ,,Colony 10  (P+ Pfd Best / R+ Select),3
,,Colony 15  (P+ Pfd Best / R+ Select),4
,,Colony 20  (P+ Pfd Best / R+ Select),5
,,Colony 30  (P+ Pfd Best / R+ Select),7
,,Lifetime FlexPlus II (P+ Best/R+ Select),8
FICS,,Colony 10  (Standard),3
,,Colony 15  (Standard),4
,,Colony 20  (Standard),5
,,Colony 30  (Standard),7
FIRA,FIRA,Low-Load 10 Year Term,3
,,Low-Load 20 Year Term,5
FIRB,,Low-Load 10 Year Term  (Super Preferred),3
,,Low-Load 20 Year Term  (Super Preferred),5
FLMM,FIDL,Rapid Decision Mortgage Term - 15 Year,4
,,Rapid Decision Mortgage Term - 20 Year,5
,,Rapid Decision Mortgage Term - 30 Year,7
,,Rapid Decision Mortgage Term - 40 Year,8
,,Rapid Decision Mortgage Term - ROP,J
,,Rapid Decision Mortgage Term - 20 ROP,K
,,Rapid Decision Mortgage Term - 30 ROP,M
FLRM,,Rapid Decision Term -  5 Year,2
,,Rapid Decision Term - 10 Year,3
,,Rapid Decision Term - 15 Year,4
,,Rapid Decision Term - 20 Year,5
,,Rapid Decision Term - 30 Year,7
,,Rapid Decision Term - 15 Year  (w/ROP),J
,,Rapid Decision Term - 20 Year  (w/ROP),K
,,Rapid Decision Term - 30 Year  (w/ROP),M
FLRR,,Rapid Decision Mortgage Term - 40 (ROP),8
FMCP,GEAN,Colony 10  (MD),3
,,Colony 15  (MD),4
,,Colony 20  (MD),5
,,Colony 30  (MD),7
FMCQ,,Colony 10  (P+ Pfd Best/R+ Select / MD),3
,,Colony 15  (P+ Pfd Best/R+ Select / MD),4
,,Colony 20  (P+ Pfd Best/R+ Select / MD),5
,,Colony 30  (P+ Pfd Best/R+ Select / MD),7
FMCS,,Colony 10  (Standard / MD),3
,,Colony 15  (Standard / MD),4
,,Colony 20  (Standard / MD),5
,,Colony 30  (Standard / MD),7
FPCP,,Colony 10  (PA & TX),3
,,Colony 15  (PA & TX),4
,,Colony 20  (PA & TX),5
,,Colony 30  (PA & TX),7
FPCQ,,Colony 10  (P+ Best/R+ Select / PA & TX),3
,,Colony 15  (P+ Best/R+ Select / PA & TX),4
,,Colony 20  (P+ Best/R+ Select / PA & TX),5
,,Colony 30  (P+ Best/R+ Select / PA & TX),7
FPCS,,Colony 10  (Standard / PA & TX),3
,,Colony 15  (Standard / PA & TX),4
,,Colony 20  (Standard / PA & TX),5
,,Colony 30  (Standard / PA & TX),7
FTLI,FIRM,Guaranteed Level Term 10,3
,,Guaranteed Level Term 15,4
,,Guaranteed Level Term 20,5
,,Guaranteed Level Term 30,7
FTLP,,GLT 10  (P+ Elite / R+ Std Plus),3
,,GLT 15  (P+ Elite / R+ Std Plus),4
,,GLT 20  (P+ Elite / R+ Std Plus),5
,,GLT 30  (P+ Elite / R+ Std Plus),7
FUXP,GEAN,Lifetime FlexPlus,8
FUXQ,,Lifetime FlexPlus (P+ Pf Best/R+ Select),8
FUXS,,Lifetime FlexPlus  (Standard),8
FWCP,,Colony 30  (WA),7
FWCQ,,Colony 30  (P+ Best / R+ Select / WA),7
FWCS,,Colony 30  (Standard / WA),7
FYCP,,Vantage Point 15  with ROP  (Basic CV),J
,,Vantage Point 20  with ROP  (Basic CV),K
,,Vantage Point 30  with ROP  (Basic CV),M
FYCQ,,Vantage Point 15  (Basic CV) Best/Select,J
,,Vantage Point 20  (Basic CV) Best/Select,K
,,Vantage Point 30  (Basic CV) Best/Select,M
FYCS,,Vantage Point 15  (Basic CV) Standard,J
,,Vantage Point 20  (Basic CV) Standard,K
,,Vantage Point 30  (Basic CV) Standard,M
FZCP,,Vantage Point 15  with ROP (Enhanced CV),J
,,Vantage Point 20  with ROP (Enhanced CV),K
,,Vantage Point 30  with ROP (Enhanced CV),M
FZCQ,,Vantage Point 15 (Enhan. CV) Best/Select,J
,,Vantage Point 20 (Enhan. CV) Best/Select,K
,,Vantage Point 30 (Enhan. CV) Best/Select,M
FZCS,,Vantage Point 15  (Ehhan. CV) Standard,J
,,Vantage Point 20  (Enhan  CV) Standard,K
,,Vantage Point 30  (Enhan. CV) Standard,M
GECP,GECA,Sure Term 10,3
,,Sure Term 15,4
,,Sure Term 20,5
,,Sure Term 30,7
,,Lifetime FlexPlus II,8
GECQ,,Sure Term 10  (P+ Pfd Best / R+ Select),3
,,Sure Term 15  (P+ Pfd Best / R+ Select),4
,,Sure Term 20  (P+ Pfd Best / R+ Select),5
,,Sure Term 30  (P+ Pfd Best / R+ Select),7
,,Lifetime FlexPlus II (P+ Best/R+ Select),8
GECS,,Sure Term 10  (Standard),3
,,Sure Term 15  (Standard),4
,,Sure Term 20  (Standard),5
,,Sure Term 30  (Standard),7
GGCA,GUAR,Level Term Gold 10  (extended conv.),3
,,Level Term Gold 15  (extended conv.),4
,,Level Term Gold 20  (extended conv.),5
,,Level Term Gold 30  (extended conv.),7
GGCE,,Level Term Gold 10  (Elite / ext. conv.),3
,,Level Term Gold 15  (Elite / ext. conv.),4
,,Level Term Gold 20  (Elite / ext. conv.),5
,,Level Term Gold 30  (Elite / ext. conv.),7
GGCP,,Level Term Gold 10  (Pfd Plus/ext. conv),3
,,Level Term Gold 15  (Pfd Plus/ext. conv),4
,,Level Term Gold 20  (Pfd Plus/ext. conv),5
,,Level Term Gold 30  (Pfd Plus/ext. conv),7
GGLA,,Yearly Renewable Term (YRT) Gold,1
,,Level Term Gold 10,3
,,Level Term Gold 15,4
,,Level Term Gold 20,5
,,Level Term Gold 30,7
GGLE,,YRT Gold  (Elite),1
,,Level Term Gold 10  (Elite),3
,,Level Term Gold 15  (Elite),4
,,Level Term Gold 20  (Elite),5
,,Level Term Gold 30  (Elite),7
GGLP,,YRT Gold  (Preferred Plus),1
,,Level Term Gold 10  (Preferred Plus),3
,,Level Term Gold 15  (Preferred Plus),4
,,Level Term Gold 20  (Preferred Plus),5
,,Level Term Gold 30  (Preferred Plus),7
GLEL,GLEA,"Living Benefit" Term - 10 Year R & C,3
GMCP,GECA,Sure Term 10  (MD),3
,,Sure Term 15  (MD),4
,,Sure Term 20  (MD),5
,,Sure Term 30  (MD),7
GMCQ,,Sure Term 10  (P+ Best / R+ Select / MD),3
,,Sure Term 15  (P+ Best / R+ Select / MD),4
,,Sure Term 20  (P+ Best / R+ Select / MD),5
,,Sure Term 30  (P+ Best / R+ Select / MD),7
GMCS,,Sure Term 10  (Standard / MD),3
,,Sure Term 15  (Standard / MD),4
,,Sure Term 20  (Standard / MD),5
,,Sure Term 30  (Standard / MD),7
GOVE,GOVE,Mark X - 10 Year Level Term,3
,,Mark X - 15 Year Level Term,4
,,Mark X - 20 Year Level Term,5
GOVP,,Mark X - 10 Year  (Preferred Plus),3
,,Mark X - 15 Year  (Preferred Plus),4
,,Mark X - 20 Year  (Preferred Plus),5
GPCP,GECA,Sure Term 10  (PA & TX),3
,,Sure Term 15  (PA & TX),4
,,Sure Term 20  (PA & TX),5
,,Sure Term 30  (PA & TX),7
GPCQ,,Sure Term 10  (P+ Best/R+ Select /PA&TX),3
,,Sure Term 15  (P+ Best/R+ Select /PA&TX),4
,,Sure Term 20  (P+ Best/R+ Select /PA&TX),5
,,Sure Term 30  (P+ Best/R+ Select /PA&TX),7
GPCS,,Sure Term 10  (Standard / PA & TX),3
,,Sure Term 15  (Standard / PA & TX),4
,,Sure Term 20  (Standard / PA & TX),5
,,Sure Term 30  (Standard / PA & TX),7
GRAN,GRAN,Select Choice 10 - 10 Year Level Term,3
,,Select Choice 15 - 15 Year Level Term,4
,,Select Choice 20 - 20 Year Level Term,5
,,Select Choice 30 - 30 Year Level Term,7
GRAP,,Select Choice 10 - (Executive Preferred),3
,,Select Choice 15 - (Executive Preferred),4
,,Select Choice 20 - (Executive Preferred),5
,,Select Choice 30 - (Executive Preferred),7
GRGP,GRSO,LifeTerm 15  (Ultra Preferred),4
,,LifeTerm 20  (Ultra Preferred),5
,,LifeTerm 30  (Ultra Preferred),7
GRGT,,LifeTerm 15,4
,,LifeTerm 20,5
,,LifeTerm 30,7
GUCA,GUAR,Level Term 10  (extended conversion/WA),3
,,Level Term 15  (extended conversion/WA),4
,,Level Term 20  (extended conversion/WA),5
GUCP,,Level Term 10  (Super/ext. conversion/WA,3
,,Level Term 15  (Super/ext. conversion/WA,4
,,Level Term 20  (Super/ext. conversion/WA,5
GULA,,Level Term 10  (WA),3
,,Level Term 15  (WA),4
,,Level Term 20  (WA),5
GULP,,Level Term 10  (Super Preferred/WA),3
,,Level Term 15  (Super Preferred / WA),4
,,Level Term 20  (Super Preferred / WA),5
GUXP,GECA,Lifetime FlexPlus,8
GUXQ,,Lifetime FlexPlus (P+ Pf Best/R+ Select),8
GUXS,,Lifetime FlexPlus  (Standard),8
GWCP,,Sure Term 30  (WA),7
GWCQ,,Sure Term 30  (P+ Best / R+ Select / WA),7
GWCS,,Sure Term 30  (Standard / WA),7
GYAP,GENY,Term 10  (P+ Pfd Best / R+ Select),3
,,Term 15  (P+ Pfd Best / R+ Select),4
,,Term 20  (P+ Pfd Best / R+ Select),5
,,Term 30  (P+ Pfd Best / R+ Select),7
GYAS,,Term 10  (Rg Standard),3
,,Term 15  (Rg Standard),4
,,Term 20  (Rg Standard),5
,,Term 30  (Rg Standard),7
GYAT,,Term 10,3
,,Term 15,4
,,Term 20,5
,,Term 30,7
GYCP,GECA,Vantage Point 15  with ROP  (Basic CV),J
,,Vantage Point 20  with ROP  (Basic CV),K
,,Vantage Point 30  with ROP  (Basic CV),M
GYCQ,,Vantage Point 15  (Basic CV) Best/Select,J
,,Vantage Point 20  (Basic CV) Best/Select,K
,,Vantage Point 30  (Basic CV) Best/Select,M
GYCS,,Vantage Point 15  (Basic CV) Standard,J
,,Vantage Point 20  (Basic CV) Standard,K
,,Vantage Point 30  (Basic CV) Standard,M
GYXP,GENY,Lifetime FlexPlus  (Pfd Best / Select),8
GYXS,,Lifetime FlexPlus  (Rg Standard),8
GYXT,,Lifetime FlexPlus,8
GZCP,GECA,Vantage Point 15  with ROP (Enhanced CV),J
,,Vantage Point 20  with ROP (Enhanced CV),K
,,Vantage Point 30  with ROP (Enhanced CV),M
GZCQ,,Vantage Point 15 (Enhan. CV) Best/Select,J
,,Vantage Point 20 (Enhan. CV) Best/Select,K
,,Vantage Point 30 (Enhan. CV) Best/Select,M
GZCS,,Vantage Point 15  (Ehhan. CV) Standard,J
,,Vantage Point 20  (Enhan  CV) Standard,K
,,Vantage Point 30  (Enhan. CV) Standard,M
HARB,HART,Hartford Term 10  (Preferred Best),3
,,Hartford Term 15  (Preferred Best),4
,,Hartford Term 20  (Preferred Best),5
,,Hartford Term 30  (Preferred Best),7
HARP,,Hartford Term 10  (Preferred Plus),3
,,Hartford Term 15  (Preferred Plus),4
,,Hartford Term 20  (Preferred Plus),5
,,Hartford Term 30  (Preferred Plus),7
HART,,Hartford Term 10,3
,,Hartford Term 15,4
,,Hartford Term 20,5
,,Hartford Term 30,7
HAYB,HARY,Hartford Term 10  (Preferred Best),3
,,Hartford Term 15  (Preferred Best),4
,,Hartford Term 20  (Preferred Best),5
,,Hartford Term 30  (Preferred Best),7
HAYP,,Hartford Term 10  (Preferred Plus),3
,,Hartford Term 15  (Preferred Plus),4
,,Hartford Term 20  (Preferred Plus),5
,,Hartford Term 30  (Preferred Plus),7
HAYT,,Hartford Term 10,3
,,Hartford Term 15,4
,,Hartford Term 20,5
,,Hartford Term 30,7
HORA,HORA,Ten Year Level Term,3
,,Exclusive Life - 3 Year term,8
HOUS,HOUS,Simple Term - 10 Year,3
,,Simple Term - 15 Year,4
,,Simple Term - 20 Year,5
,,Simple Term - 30 Year,7
HUFA,HUMF,HumanaOne Term 10,3
,,HumanaOne Term 15,4
,,HumanaOne Term 20,5
HUFP,,HumanaOne Term 10  (Super Preferred),3
,,HumanaOne Term 15  (Super Preferred),4
,,HumanaOne Term 20  (Super Preferred),5
HUKA,HUMK,HumanaOne Term 10,3
,,HumanaOne Term 15,4
,,HumanaOne Term 20,5
HUKP,,HumanaOne Term 10  (Super Preferred),3
,,HumanaOne Term 15  (Super Preferred),4
,,HumanaOne Term 20  (Super Preferred),5
HUMA,HUMA,HumanaOne Term 10,3
,,HumanaOne Term 15,4
,,HumanaOne Term 20,5
HUMP,,HumanaOne Term 10  (Super Preferred),3
,,HumanaOne Term 15  (Super Preferred),4
,,HumanaOne Term 20  (Super Preferred),5
ILLI,ILLI,10-Year Level Term,3
,,15-Year Level Term,4
,,20-Year Level Term,5
,,30-Year Level Term,7
,,Life Foundations Whole Life - Continuous,8
,,15-Year Level Term  (with SBR),J
,,20-Year Level Term  (with SBR),K
,,30-Year Level Term  (SBR),M
ILLP,,10-Year Level Term  (Super Preferred),3
,,15-Year Level Term  (Super Preferred),4
,,20-Year Level Term  (Super Preferred),5
,,30-Year Level Term  (Super Preferred),7
,,15-Year Level Term  (Super Preferred),J
,,20-Year Level Term  (Super Preferred),K
,,30-Year Level Term  (Super Preferred),M
INDI,INDI,Series 1000 - 10 Year Level Term,3
,,Series 1000 - 15 Year Level Term,4
,,Series 1000 - 20 Year Level Term,5
INDJ,,Series 1000 - 10 Year  (Preferred Plus),3
,,Series 1000 - 15 Year  (Preferred Plus),4
,,Series 1000 - 20 Year  (Preferred Plus),5
INDU,INDU,Critical Choice Term - 15 Year,4
,,Critical Choice Term - 20 Year,5
,,Critical Choice Term - 30 Year,7
,,Critical Choice Term - 20 Year (w/ROP),K
,,Critical Choice Term - 30 Year (w/ROP),M
INSI,INDI,Term 2005 - 10 Year Level Term,3
,,Term 2005 - 15 Year Level Term,4
,,Term 2005 - 20 Year Level Term,5
,,Term 2005 - 30 Year Level Term,7
,,Vista Advantage Indexed UL w/NLG,8
INSJ,,Term 2005 - 10 Year  (Preferred Plus),3
,,Term 2005 - 15 Year  (Preferred Plus),4
,,Term 2005 - 20 Year  (Preferred Plus),5
,,Term 2005 - 30 Year  (Preferred Plus),7
,,Vista Advantage Indexed UL w/NLG  (P+),8
INVS,INVL,SuperSelect - 10-Year Level Term,3
INXD,INDU,Critical Choice Term - 15/5 Year,4
,,Critical Choice Term - 20/5 Year,5
,,Critical Choice Term - 30/5 Year,7
,,Critical Choice Term - 20/5 Year (w/ROP),K
,,Critical Choice Term - 30/5 Year (w/ROP),M
JEFA,JEFA,Simple Term - 10 Year Term,3
,,Simple Term - 15 Year Term,4
,,Simple Term - 20 Year Term,5
,,Simple Term - 30 Year Term,7
,,Simple Term - 20 Year Term with ROP,K
,,Simple Term - 30 Year Term with ROP,M
JENF,,Simple Term - 10 Year Term  (ME & MN),3
,,Simple Term - 15 Year Term  (ME & MN),4
,,Simple Term - 20 Year Term  (ME & MN),5
,,Simple Term - 30 Year Term  (ME & MN),7
,,Simple Term - 20 Year Term (w/ROP/ME&MN),K
,,Simple Term - 30 Year Term (w/ROP/ME&MN),M
JESE,,Select Term - 10 Year Term,3
,,Select Term - 15 Year Term,4
,,Select Term - 20 Year Term,5
JGCK,JACK,Protector 10-Year Term,3
,,Protector 15-Year Term,4
,,Protector 20-Year Term,5
,,Protector 30-Year Term,7
JGCP,,Protector 10-Year Term  (P+),3
,,Protector 15-Year Term  (P+),4
,,Protector 20-Year Term  (P+),5
,,Protector 30-Year Term  (P+),7
JGWK,,Protector 30-Year Term  (WA),7
JGWP,,Protector 30-Year Term  (WA / P+),7
JHCP,JOHU,15 Year Level   (Super/Std+ with CER),4
,,20 Year Level   (Super/Std+ with CER),5
,,30 Year Level   (Super/Std+ with CER),7
JHCU,,15 Year Level Premium Term  (with CER),4
,,20 Year Level Premium Term  (with CER),5
,,30 Year Level Premium Term  (with CER),7
JHGP,,10 Year Level Premium Term  (Super/Std+),3
,,15 Year Level Premium Term  (Super/Std+),4
,,20 Year Level Premium Term  (Super Std+),5
,,30 Year Level Premium Term  (Super/Std+),7
JHGU,,10 Year Level Premium Term,3
,,15 Year Level Premium Term,4
,,20 Year Level Premium Term,5
,,30 Year Level Premium Term,7
JJGP,,Protection UL-G07  (Super/Std+),8
JJGU,,Protection UL-G07,8
JYCN,JOHY,15 Year Level Premium Term  (with CER),4
,,20 Year Level Premium Term  (with CER),5
,,30 Year Level Premium Term  (with CER),7
JYCP,,15 Year Level   (Super/Std+ with CER),4
,,20 Year Level   (Super/Std+ with CER),5
,,30 Year Level   (Super/Std+ with CER),7
JYYN,,10 Year Level Premium Term,3
,,15 Year Level Premium Term,4
,,20 Year Level Premium Term,5
,,30 Year Level Premium Term,7
,,Protection UL-G07,8
JYYP,,10 Year Level Premium Term  (Super/Std+),3
,,15 Year Level Premium Term  (Super/Std+),4
,,20 Year Level Premium Term  (Super Std+),5
,,30 Year Level Premium Term  (Super/Std+),7
,,Protection UL-G07  (Super/Std+),8
JYZN,,10 Year Level Premium Term   (ages 71+),3
,,15 Year Level Premium Term   (ages 66+),4
,,20 Year Level Premium Term   (ages 61+),5
JYZP,,10 Year Level Term (Super Pfd/ages 71+),3
,,15 Year Level Term (Super Pfd/ages 66+),4
,,20 Year Level Term (Super Pfd/ages 61+),5
KANS,KANS,YRT to 95 - 1 Year R & C Term,1
,,5 Year Renewable & Convertible Term,2
,,10 Year Renewable & Convertible Term,3
KANU,,Level 20 RCT - Select and Ultimate,5
KATC,,Level 10 RCT - Select & Ultimate (2001),3
,,Level 20 RCT - Select & Ultimate (2001),5
KATP,,Level 10 RCT   (Preferred Elite),3
,,Level 20 RCT   (Preferred Elite),5
KAUT,,Level 10 - Select and Ultimate,3
LBTE,LNBE,TrueTerm - 10 Year,3
,,TrueTerm - 15 Year,4
,,TrueTerm - 20 Year,5
,,TrueTerm - 30 Year,7
,,Legacy Secure 2007 no lapse UL  (Band 1),8
,,TrueTerm - 15 Year with ROP,J
,,TrueTerm - 20 Year with ROP,K
,,TrueTerm - 30 Year with ROP,M
LBTP,,TrueTerm - 10 Year (P+ Elite# R+ Select),3
,,TrueTerm - 15 Year (P+ Elite# R+ Select),4
,,TrueTerm - 20 Year (P+ Elite# R+ Select),5
,,TrueTerm - 30 Year (P+ Elite# R+ Select),7
,,Legacy Secure 2007  (Pfd Elite / Band 1),8
,,TrueTerm - 15 Year (P+ Elite# R+ Select),J
,,TrueTerm - 20 Year (P+ Elite# R+ Select),K
,,TrueTerm - 30 Year (P+ Elite# R+ Select),M
LBUE,,Legacy Secure 2007 no lapse UL  (Band 2),8
LBUP,,Legacy Secure 2007  (Pfd Elite / Band 2),8
LBVE,,Legacy Secure 2007 no lapse UL  (Band 3),8
LBVP,,Legacy Secure 2007  (Pfd Elite / Band 3),8
LGWL,,TrueTerm - 10 Year  (WA),3
,,TrueTerm - 15 Year  (WA),4
,,TrueTerm - 20 Year  (WA),5
,,TrueTerm - 30 Year  (WA),7
LGWM,,TrueTerm - 10 Year (P+ Elite# R+ Sel/WA),3
,,TrueTerm - 15 Year (P+ Elite# R+ Sel/WA),4
,,TrueTerm - 20 Year (P+ Elite# R+ Sel/WA),5
,,TrueTerm - 30 Year (P+ Elite# R+ Sel/WA),7
LIBB,LIBB,Passport 20 Plus with ROP feature,K
,,Passport 30 Plus with ROP feature,M
LIBE,LIBE,Annual Renewable Term to Age 75,1
LIBP,LIBB,Passport 20 Plus with ROP feature  Elite,K
,,Passport 30 Plus with ROP feature  Elite,M
LIBS,LIBE,RBC ExpressTERM - 10 Year,3
,,RBC ExpressTERM - 15 Year,4
,,RBC ExpressTERM - 20 Year,5
LIDE,LIFE,Ultima Elite II - 20 Year with ROP,K
,,Ultima Elite II - 30 Year with ROP,M
LIDP,,Ultima Elite II - 20  (Pfd. Plus/ROP),K
,,Ultima Elite II - 30  (Pfd. Plus/ROP),M
LIDS,,Ultima Elite II - 20  (Pfd. Elite/ROP),K
,,Ultima Elite II - 30  (Pfd. Elite/ROP),M
LIEE,,Ultima Elite Term II - 10 Year,3
,,Ultima Elite Term II - 15 Year,4
,,Ultima Elite Term II - 20 Year,5
,,Ultima Elite Term II - 30 Year,7
LIEP,,Ultima Elite Term II - 10  (Pfd. Plus),3
,,Ultima Elite Term II - 15  (Pfd. Plus),4
,,Ultima Elite Term II - 20  (Pfd. Plus),5
,,Ultima Elite Term II - 30  (Pfd. Plus),7
LIES,,Ultima Elite Term II - 10  (Pfd. Elite),3
,,Ultima Elite Term II - 15  (Pfd. Elite),4
,,Ultima Elite Term II - 20  (Pfd. Elite),5
,,Ultima Elite Term II - 30  (Pfd. Elite),7
LIFE,,Ultima Elite 10 Year Term,3
,,Ultima Elite 15 Year Term,4
,,Ultima Elite 20 Year Term,5
,,Ultima Elite 30 Year Term,7
,,Ultima Provider UL 100 - gtd to age 100,8
,,Ultima Elite 20 Year Term  (w/ROP),K
,,Ultima Elite 30 Year Term  (w/ROP),M
LIFP,,Ultima Elite 10 Year Term  (Pfd. Plus),3
,,Ultima Elite 15 Year Term  (Pfd. Plus),4
,,Ultima Elite 20 Year Term  (Pfd. Plus),5
,,Ultima Elite 30 Year Term  (Pfd. Plus),7
,,Ultima Provider UL 100  (Preferred Plus),8
,,Ultima Elite 20 Year (Pfd. Plus/ROP),K
,,Ultima Elite 30 Year (Pfd. Plus/ROP),M
LIFS,,Ultima Elite 10 Year Term  (Pfd. Elite),3
,,Ultima Elite 15 Year Term  (Pfd. Elite),4
,,Ultima Elite 20 Year Term  (Pfd. Elite),5
,,Ultima Elite 30 Year Term  (Pfd. Elite),7
,,Ultima Elite 20 Year (Pfd. Elite/ROP),K
,,Ultima Elite 30 Year (Pfd. Elite/ROP),M
LIHE,,Home Protector Plus - 15 Year Level,4
,,Home Protector Plus - 20 Year Level,5
,,Home Protector Plus - 25 Year Level,6
,,Home Protector Plus - 30 Year Level,7
,,Home Protector Plus - 20 Year  (ROP),K
,,Home Protector Plus - 25 Year  (ROP),L
,,Home Protector Plus - 30 Year  (ROP),M
LILE,LIBE,RBC LevelTERM - 10 Year Term,3
,,RBC LevelTERM - 15 Year Term,4
,,RBC LevelTERM - 20 Year Term,5
,,RBC LevelTERM - 30 Year Term,7
LILP,,RBC LevelTERM - 10 Year Term  (Plus),3
,,RBC LevelTERM - 15 Year Term  (Plus),4
,,RBC LevelTERM - 20 Year Term  (Plus),5
,,RBC LevelTERM - 30 Year Term  (Plus),7
LINN,LNNA,LifeElement (SM) Level Term - 10 Year,3
,,LifeElement (SM) Level Term - 15 Year,4
,,LifeElement (SM) Level Term - 20 Year,5
,,LifeElement (SM) Level Term - 30 Year,7
LINP,,LifeElement (SM) Level Term - 10 (P+),3
,,LifeElement (SM) Level Term - 15 (P+),4
,,LifeElement (SM) Level Term - 20 (P+),5
,,LifeElement (SM) Level Term - 30 (P+),7
LISB,LIBE,RBC ExpressTERM II - 10 Year,3
,,RBC ExpressTERM II - 15 Year,4
,,RBC ExpressTERM II - 20 Year,5
,,RBC ExpressTERM II - 30 Year,7
LIUE,LIFE,Home Protector Elite - 15 Year Level,4
,,Home Protector Elite - 20 Year Level,5
,,Home Protector Elite - 25 Year Level,6
,,Home Protector Elite - 30 Year Level,7
,,Home Protector Elite - 20 Year w/ROP,K
,,Home Protector Elite - 25 Year w/ROP,L
,,Home Protector Elite - 30 Year w/ROP,M
LIXE,,Home Protector - 15/5 Year Level,4
,,Home Protector - 20/5 Year Level,5
,,Home Protector - 25/5 Year Level,6
,,Home Protector - 30/5 Year Level,7
,,Home Protector - 20/5 Year Level  (ROP),K
,,Home Protector - 25/5 Year Level  (ROP),L
,,Home Protector - 30/5 Year Level  (ROP),M
LYNN,LNLI,LifeElement (SM) Level Term - 10 Year,3
,,LifeElement (SM) Level Term - 15 Year,4
,,LifeElement (SM) Level Term - 20 Year,5
,,LifeElement (SM) Level Term - 30 Year,7
LYNP,,LifeElement (SM) Level Term - 10 (P+),3
,,LifeElement (SM) Level Term - 15 (P+),4
,,LifeElement (SM) Level Term - 20 (P+),5
,,LifeElement (SM) Level Term - 30 (P+),7
MECP,MIDT,Executive Century 2 - 10 Year (Plus),3
,,Executive Century 2 - 15 Year (Plus),4
,,Executive Century 2 - 20 Year (Plus),5
,,Executive Century 2 - 30 Year (Plus),7
MECT,,Executive Century 2 - 10 Year Term,3
,,Executive Century 2 - 15 Year Term,4
,,Executive Century 2 - 20 Year Term,5
,,Executive Century 2 - 30 Year Term,7
METE,METR,Guaranteed Advantage UL  (1980 CSO/NY),8
METP,,Guaranteed Advantage UL  (1980 CSO/Elite,8
MIET,MIDT,Executive 10 Year Term 5.0  (PR),3
,,Executive 15 Year Term 5.0  (PR),4
,,Executive 20 Year Term 5.0  (PR),5
,,Executive 30 Year Term 5.0  (PR),7
MIEU,,Executive 10 Year Term 5.0  (P+/PR),3
,,Executive 15 Year Term 5.0  (P+/PR),4
,,Executive 20 Year Term 5.0  (P+/PR),5
,,Executive 30 Year Term 5.0  (P+/PR),7
MINN,MINM,Advantage Elite Term Life - 5 Year,2
,,Advantage Elite Term Life - 10 Year,3
,,Advantage Elite Term Life - 15 Year,4
,,Advantage Elite Term Life - 20 Year,5
,,Advantage Elite Term Life - 30 Year,7
MINP,,Advantage Elite Term - 5 Year (Plus),2
,,Advantage Elite Term - 10 Year (Plus),3
,,Advantage Elite Term - 15 Year (Plus),4
,,Advantage Elite Term - 20 Year (Plus),5
,,Advantage Elite Term - 30 Year (Plus),7
MIQV,MIDT,Premier 10 Year Term 5.0  (PR),3
,,Premier 15 Year Term 5.0  (PR),4
,,Premier 20 Year Term 5.0  (PR),5
,,Premier 30 Year Term 5.0  (PR),7
MIQW,,Premier 10 Year Term 5.0  (P+ / PR),3
,,Premier 15 Year Term 5.0  (P+  / PR),4
,,Premier 20 Year Term 5.0  (P+ / PR),5
,,Premier 30 Year Term 5.0  (P+ / PR),7
MITP,,Premier Century 2 - 10 Year Term (Plus),3
,,Premier Century 2 - 15 Year Term (Plus),4
,,Premier Century 2 - 20 Year Term (Plus),5
,,Premier Century 2 - 30 Year Term (Plus),7
MITT,,Premier Century 2 - 10 Year Term,3
,,Premier Century 2 - 15 Year Term,4
,,Premier Century 2 - 20 Year Term,5
,,Premier Century 2 - 30 Year Term,7
MLTE,METL,Guaranteed Advantage UL (1980 CSO),8
MLTP,,Guaranteed Advantage UL (1980 CSO/Elite),8
MOTB,MOTO,Value Term Plus - 10-Year  (Pfd Best),3
,,Value Term Plus - 15-Year  (Pfd Best),4
,,Value Term Plus - 20-Year  (Pfd Best),5
,,Value Term Plus - 25-Year  (Pfd Best),6
,,Value Term Plus - 30-Year  (Pfd Best),7
,,Value Term Plus - 40-Year  (Pfd Best),8
MOTO,,Value Term Plus - 10-Year Plan,3
,,Value Term Plus - 15-Year Plan,4
,,Value Term Plus - 20-Year Plan,5
,,Value Term Plus - 25-Year Plan,6
,,Value Term Plus - 30-Year Plan,7
,,Value Term Plus - 40-Year Plan,8
MOTP,,Value Term Plus - 10-Year  (Pfd Plus),3
,,Value Term Plus - 15-Year  (Pfd Plus),4
,,Value Term Plus - 20-Year  (Pfd Plus),5
,,Value Term Plus - 25-Year  (Pfd Plus),6
,,Value Term Plus - 30-Year  (Pfd Plus),7
,,Value Term Plus - 40-Year  (Pfd Plus),8
MTGN,MASM,Term 5G,2
,,Term 10G,3
,,Term 20G,5
,,Term 30G,7
MTGP,,Term 5G  (Ultra Preferred),2
,,Term 10G  (Ultra Preferred),3
,,Term 20G  (Ultra Preferred),5
,,Term 30G  (Ultra Preferred),7
MTLI,METL,Guaranteed Level Term 10,3
,,Guaranteed Level Term 15,4
,,Guaranteed Level Term 20,5
,,Guaranteed Level Term 30,7
MTLP,,GLT 10  (P+ Elite / R+ Std Plus),3
,,GLT 15  (P+ Elite / R+ Std Plus),4
,,GLT 20  (P+ Elite / R+ Std Plus),5
,,GLT 30  (P+ Elite / R+ Std Plus),7
MTRP,MTRU,SelecTerm-10  (Preferred Plus),3
,,SelecTerm-15  (Preferred Plus),4
,,SelecTerm-20  (Preferred Plus),5
,,SelecTerm-30  (Preferred Plus),7
MTRU,,SelecTerm-10  (NV# NJ# OR),3
,,SelecTerm-15  (NV# NJ# OR),4
,,SelecTerm-20  (NV# NJ# OR),5
,,SelecTerm-30  (NV# NJ# OR),7
MTSP,,SelecTerm-10  (Preferred Plus),3
,,SelecTerm-15  (Preferred Plus),4
,,SelecTerm-20  (Preferred Plus),5
,,SelecTerm-30  (Preferred Plus),7
MTSU,,SelecTerm-10,3
,,SelecTerm-15,4
,,SelecTerm-20,5
,,SelecTerm-30,7
MUTE,METL,Guaranteed Advantage UL (2001 CSO),8
MUTP,,Guaranteed Advantage UL (2001 CSO/Elite),8
MYGN,MASM,Term 5G  (NY),2
,,Term 10G  (NY),3
,,Term 20G  (NY),5
,,Term 30G  (NY),7
MYGP,,Term 5G  (Ultra Preferred / NY),2
,,Term 10G  (Ultra Preferred / NY),3
,,Term 20G  (Ultra Preferred / NY),5
,,Term 30G  (Ultra Preferred / NY),7
MYUE,METR,Guaranteed Advantage UL  (2001 CSO),8
MYUP,,Guaranteed Advantage UL (2001 CSO/Elite),8
NATV,NATI,ART - Annual Renewable Term,1
,,GL-10 - 10 Year Level Term,3
,,GL-15 - 15 Year Level Term,4
NATW,,ART - Annual Renewable Term (Elite Pfd),1
,,GL-10 - 10 Year  (Elite Preferred),3
,,GL-15 - 15 Year  (Elite Preferred),4
NDGA,NORA,ADDvantage 10,3
,,ADDvantage 15,4
,,ADDvantage 20,5
,,ADDvantage 30,7
NDGP,,ADDvantage 10  (P+ Super Pfd / R+ Std+),3
,,ADDvantage 15  (P+ Super Pfd / R+ Std+),4
,,ADDvantage 20  (P+ Super Pfd / R+ Std+),5
,,ADDvantage 30  (P+ Super Pfd / R+ Std+),7
NEGA,,ADDvantage 10  (FL),3
,,ADDvantage 15  (FL),4
,,ADDvantage 20  (FL),5
,,ADDvantage 30  (FL),7
NEGP,,ADDvantage 10  (FL/P+ Super Pfd/R+ Std+),3
,,ADDvantage 15  (FL/P+ Super Pfd/R+ Std+),4
,,ADDvantage 20  (FL/P+ Super Pfd/R+ Std+),5
,,ADDvantage 30  (FL/P+ Super Pfd/R+ Std+),7
NETE,NEWE,Vanguard Gtd Level Term (2003) - 10 Year,3
,,Vanguard Gtd Level Term (2003) - 15 Year,4
,,Vanguard Gtd Level Term (2003) - 20 Year,5
,,Vanguard Gtd Level Term (2003) - 30 Year,7
NETP,,Vanguard Gtd Level (2003) - 10 (Sel Pfd),3
,,Vanguard Gtd Level (2003) - 15 (Sel Pfd),4
,,Vanguard Gtd Level (2003) - 20 (Sel Pfd),5
,,Vanguard Gtd Level (2003) - 30 (Sel Pfd),7
NGTV,NATI,GL-20 - 20 Year Level Term,5
NGTW,,GL-20 - 20 Year  (Elite Preferred),5
NGYE,NEWE,Vanguard Gtd Level Term (2003) - 10 (NY),3
,,Vanguard Gtd Level Term (2003) - 15 (NY),4
,,Vanguard Gtd Level Term (2003) - 20 (NY),5
,,Vanguard Gtd Level Term (2003) - 30 (NY),7
NGYP,,Vanguard Gtd Level (2003) - 10 (SPfd/NY),3
,,Vanguard Gtd Level (2003) - 15 (SPfd/NY),4
,,Vanguard Gtd Level (2003) - 20 (SPfd/NY),5
,,Vanguard Gtd Level (2003) - 30 (SPfd/NY),7
NOTN,NORM,TT Term 10 - 1 Year Term for 10 Years,1
,,TT Level Term 20  (issue ages 51+),5
NOTP,,TT Term 10 - 1 Year for 10 Yrs (Premier),1
,,TT Level Term 20  (Premier NT/ages 51+),5
NOWM,,TT Term 80 - 1 Year R & C Term,1
,,TT Level Term 10,3
,,TT Level Term 20,5
NOWP,,TT Term 80 - 1 Year R & C  (Premier NT),1
,,TT Level Term 10  (Premier NT),3
,,TT Level Term 20  (Premier NT),5
NOYN,,TT Level Term 20  (NY),5
NOYP,,TT Level Term 20  (Premier NT / NY),5
NVWL,NATW,YourLife(SM) - 10 Year Term,3
,,YourLife(SM) - 20 Year Term,5
,,YourLife(SM) - 30 Year Term,7
NVWP,,YourLife(SM) - 10 Year Term  (Pfd Plus),3
,,YourLife(SM) - 20 Year Term  (Pfd Plus),5
,,YourLife(SM) - 30 Year Term  (Pfd Plus),7
NXTV,NATI,L-15 - 15 Year Level Term,4
,,L-20 - 20 Year Level Term,5
NXTW,,L-15 - 15 Year  (Elite Preferred),4
,,L-20 - 20 Year  (Elite Preferred),5
NYLA,NEWY,Indeterminate Premium Term (Non-Smoker),1
,,Five Year Term,2
,,20/10 Year Term,5
,NEWZ,Term to Age 90 - 10 Year Level Term,3
NYLP,NEWY,Indeterminate Premium Term (Select Pfd),1
,,Five Year Term  (Select Preferred),2
,,20/10 Year Term  (Select Preferred),5
,NEWZ,Term to Age 90 - 10 Year  (Select Pfd),3
NYLS,NEWY,Indeterminate Premium Term (Smoker),1
NYMA,,Increasing Premium Term Insurance,1
,,20 Year Level Term (20LT),5
NYMP,,Increasing Premium Term  (Select Pfd),1
,,20 Year Level Term (20LT)  (Select Pfd),5
NYMS,,Increasing Premium Term  (Smoker),1
NYTV,NATI,GL-10 - 10 Year Level Term  (NY),3
,,GL-15 - 15 Year Level Term  (NY),4
,,GL-20 - 20 Year Level Term  (NY),5
NYTW,,GL-10 - 10 Year  (Elite Preferred/NY),3
,,GL-15 - 15 Year  (Elite Preferred/NY),4
,,GL-20 - 20 Year  (Elite Preferred/NY),5
NYWL,NATW,YourLife(SM) - 10 Year Term  (NY),3
,,YourLife(SM) - 20 Year Term  (NY),5
,,YourLife(SM) - 30 Year Term  (NY),7
NYWP,,YourLife(SM) - 10 Year Term  (P+ / NY),3
,,YourLife(SM) - 20 Year Term  (P+ / NY),5
,,YourLife(SM) - 30 Year Term  (P+ / NY),7
NYYA,NEWY,Five Year Term  (NY),2
,,Term Life to 70  (20/10 Year Term - NY),5
,,Term Life to age 70 (NY - ages 51+),8
NYYP,,Five Year Term  (Select Preferred / NY),2
,,20/10 Year Term  (Select Preferred/NY),5
,,Term Policy to 70 (51+ Select Pfd - NY),8
NZTV,NATI,L-15 - 15 Year Level Term  (NY),4
,,L-20 - 20 Year Level Term  (NY),5
NZTW,,L-15 - 15 Year  (Elite Preferred/NY),4
,,L-20 - 20 Year  (Elite Preferred/NY),5
OCNC,OCCI,ULTIMATE TERM-10 - 10 Year Term,3
OHGP,OHIO,SecuriTerm - 15 Year (Ultra-Preferred),4
,,SecuriTerm - 20 Year (Ultra-Preferred),5
OHGT,,SecuriTerm - 15 Year Level,4
,,SecuriTerm - 20 Year Level,5
OHIS,,SecuriTerm 1 - Annual Renewable Term,1
OHSP,,SecuriTerm - 10 Year (Ultra-Preferred),3
,,SecuriTerm - 15/10 Year (Ultra-Pfd.),4
,,SecuriTerm - 20/10 Year (Ultra-Pfd.),5
OHSS,,SecuriTerm - 10 Year Level,3
,,SecuriTerm - 15/10 Year Level,4
,,SecuriTerm - 20/10 Year Level,5
OIBG,OLDM,Saver's Select Term 15/15  (2001/OR),4
,,Saver's Select Term 20/20  (2001/OR),5
,,Saver's Select Term 30/30  (2001/OR),7
,,WealthMaster Classic (Extended No Lapse),8
OIXG,,Saver's Select Term 15/10  (2001/OR),4
,,Saver's Select Term 20/10  (2001/OR),5
,,Saver's Select Term 30/10  (2001/OR),7
OMBG,,HomeCertain Level Term - 10 Year,3
,,HomeCertain Level Term - 15 Year,4
,,HomeCertain Level Term - 20 Year,5
,,HomeCertain Level Term - 25 Year,6
,,HomeCertain Level Term - 30 Year,7
,,HomeCertain Level Term - 15 Year/ROP,J
,,HomeCertain Level Term - 20 Year/ROP,K
,,HomeCertain Level Term - 25 Year/ROP,L
,,HomeCertain Level Term - 30 Year/ROP,M
OMWJ,OHIN,Term 10 Plus,3
OMWN,,Term 10 Plus  (P+ Super Pfd / R+ Select),3
OMXG,OLDM,HomeCertain Level Term - 10/5 Year,3
,,HomeCertain Level Term - 15/5 Year,4
,,HomeCertain Level Term - 20/5 Year,5
,,HomeCertain Level Term - 25/5 Year,6
,,HomeCertain Level Term - 30/15 Year,7
OMYJ,OHIN,Term 10,3
OMYN,,Term 10  (P+ Super Pfd/ R+ Select),3
ONWJ,,Term 15 Plus,4
,,Term 20 Plus,5
ONWN,,Term 15 Plus  (P+ Super Pfd / R+ Select),4
,,Term 20 Plus  (P+ Super Pfd / R+ Select),5
ONYJ,,Term 15,4
,,Term 20,5
ONYN,,Term 15  (P+ Super Pfd / R+ Select),4
,,Term 20  (P+ Super Pfd / R+ Select),5
OSBG,OLDM,Saver's Select Term 15/15,4
,,Saver's Select Term 20/20,5
,,Saver's Select Term 30/30,7
,,Saver's Select Term 15/15  (with ROP),J
,,Saver's Select Term 20/20  (with ROP),K
,,Saver's Select Term 30/30  (with ROP),M
OSXG,,Saver's Select Term 20/10,5
,,Saver's Select Term 30/10,7
,,Saver's Select Term 20/10  (with ROP),K
,,Saver's Select Term 30/10  (with ROP),M
PACL,PACL,PRO-ART - Annual Renewable Term,1
,,PRO-10 - 10 Year Renewable,3
,,PRO-20 - 20 Year Renewable,5
PACN,,PRO-ART - ART (Plus),1
,,PRO-10 - 10 Year (P+ Super# R+ Select),3
,,PRO-20 - 20 Year (P+ Super# R+ Select),5
PAGI,PACI,Ten Year Term,3
PAIC,,One Year Term Plus,1
PANA,PANA,5-Year Level Term,2
PANP,,Sentinel Series 10  (Preferred Plus),3
,,Sentinel Series 20  (Preferred Plus),5
PANS,,Sentinel Series 10 - 10-Year Term,3
,,Sentinel Series 20 - 20-Year Term,5
PATN,,10-Year Level Term,3
PAUL,PAUL,Selector 1 - 1 Year Term,1
,,Selector 10 - 10 Year Term,3
PAXP,PANA,Sentinel Series 20/10  (Preferred Plus),5
PAXS,,Sentinel Series 20/10 - 20-Year Term,5
PENC,PENN,Guaranteed 10 Year Term,3
,,Guaranteed 15 Year Term,4
,,Guaranteed 20 Year Term,5
,,Protection For Life - guaranteed to 100,8
PENP,,Guaranteed 10 Year Term (Preferred Plus),3
,,Guaranteed 15 Year Term (Preferred Plus),4
,,Guaranteed 20 Year Term (Preferred Plus),5
,,Protection For Life - gtd to 100  (P+),8
PHTE,PHOE,PPT-20,5
,,PPT-30,7
,,Phoenix UL with Guarantee,8
,,PPT-20  (with ROP),K
,,PPT-30  (with ROP),M
PHTP,,PPT-20  (Preferred Plus),5
,,PPT-30  (Preferred Plus),7
,,Phoenix UL with Guarantee  (Pfd Plus),8
,,PPT-20  (Preferred Plus / with ROP),K
,,PPT-30  (Preferred Plus / with ROP),M
PHWE,,PPT-10  (WA),3
,,PVT-20 - 20/10 Year Term  (IN),5
PHWP,,PPT-10  (Preferred Plus / WA),3
,,PVT-20 - 20/10 Year Term  (Pfd Plus/IN),5
PHXE,,PPT-10,3
,,PVT-20 - 20/10 Year Term,5
PHXP,,PPT-10  (Preferred Plus),3
,,PVT-20 - 20/10 Year Term  (Pfd Plus),5
PHYE,,PPT-10  (NY),3
,,PVT-20 - 20/10 Year Term  (NY),5
PHYF,,PPT-20  (ages 56+ / NY),5
PHYP,,PPT-10  (Preferred Plus / NY),3
,,PVT-20 - 20/10 Year Term  (Pfd+ / NY),5
PHYQ,,PPT-20  (56+ / Preferred Plus / NY),5
PHZF,,PPT-20  (ages 56+),5
,,PPT-20  (ages 56+ / with ROP),K
PHZQ,,PPT-20  (56+ / Preferred Plus),5
,,PPT-20  (56+ / Preferred Plus /with ROP),K
PPDC,PRUC,Term Elite 20  (MD/<250K PruXpress ONLY),5
PPDS,,Term Elite 20  (MD / P+ Best / R+ NS+),5
PPEC,,Term Essential 10  (April 2007),3
,,Term Essential 15  (April 2007),4
,,Term Essential 20  (April 2007),5
,,Term Essential 30  (April 2007),7
PPES,,Term Essential 10 (P+ Best/R+ NS+/Apr07),3
,,Term Essential 15 (P+ Best/R+ NS+/Apr07),4
,,Term Essential 20 (P+ Best/R+ NS+/Apr07),5
,,Term Essential 30 (P+ Best/R+ NS+/Apr07),7
PPFC,,Term Essential 10 (<250K PruXpress ONLY),3
,,Term Essential 15 (<250K PruXpress ONLY),4
,,Term Essential 20 (<250K PruXpress ONLY),5
,,Term Essential 30 (<250K PruXpress ONLY),7
PPFS,,Term Essential 10 (P+ Best / R+ NS+),3
,,Term Essential 15 (P+ Best / R+ NS+),4
,,Term Essential 20 (P+ Best / R+ NS+),5
,,Term Essential 30 (P+ Best / R+ NS+),7
PPUC,,Term Elite 10  (April 2007),3
,,Term Elite 15  (April 2007),4
,,Term Elite 20  (April 2007),5
,,UL Protector with NLG to 121  (1000K+),8
,,PruLife Return of Premium Term 15,J
,,PruLife Return of Premium Term 20,K
,,PruLife Return of Premium Term 30,M
PPUS,,Term Elite 10  (P+ Best/R+ NS+/April 07),3
,,Term Elite 15  (P+ Best/R+ NS+/April 07),4
,,Term Elite 20  (P+ Best/R+ NS+/April 07),5
,,UL Protector with NLG   (1000K / Plus),8
,,PruLife ROP 15  (P+ Best / R+ NS+),J
,,PruLife ROP 20  (P+ Best / R+ NS+),K
,,PruLife ROP 30  (P+ Best / R+ NS+),M
PPYC,PRUJ,Term Elite 10  (NY/<250K PruXpress ONLY),3
,,Term Elite 15  (NY/<250K PruXpress ONLY),4
,,Term Elite 20  (NY/<250K PruXpress ONLY),5
,,UL Protector with NLG to 121 (250K-999K),8
PPYS,,Term Elite 10  (NY / P+ Best / R+ NS+),3
,,Term Elite 15  (NY/ P+ Best / R+ NS+),4
,,Term Elite 20  (NY / P+ Best / R+ NS+),5
,,UL Protector with NLG   (250K-999K/Plus),8
PRAJ,PROA,Empire Term - 10 Year,3
,,Empire Term - 15 Year,4
,,Empire Term - 20 Year,5
,,Empire Term - 25 Year,6
,,Empire Term - 30 Year,7
PRAK,,Empire Term - 10 Year  (Super Preferred),3
,,Empire Term - 15 Year  (Super Preferred),4
,,Empire Term - 20 Year  (Super Preferred),5
,,Empire Term - 25 Year  (Super Preferred),6
,,Empire Term - 30 Year  (Super Preferred),7
PRCI,PRIN,ART,1
,,10-Year Term,3
,,15-Year Term,4
,,20-Year Term,5
,,30-Year Term,7
PRCP,,ART  (Super Pfd / Super Std),1
,,10-Year Term  (Super Pfd / Super Std),3
,,15-Year Term  (Super Pfd / Super Std),4
,,20-Year Term  (Super Pfd / Super Std),5
,,30-Year Term  (Super Pfd / Super Std),7
PRDI,,30-Year Term  (MD),7
PRDP,,30-Year Term  (Super Pfd / Super Std/MD),7
PRGN,,10-Year Term (10 Year Guarantee / IL),3
,,20-Year Term (20 Year Guarantee / IL),5
PRGP,,10-Year Term (Super Preferred / IL),3
,,20-Year Term (Super Preferred / IL),5
PRIM,PRIM,Custom Advantage - 10 Year,3
,,Custom Advantage - 15 Year,4
,,Custom Advantage - 20 Year,5
,,Custom Advantage - 25 Year,6
,,Custom Advantage - 30 Year,7
,,Custom Advantage - 35 Year,8
PRIN,,Custom Advantage - 35 Year  (age 35+),8
PRIP,,Custom Advantage - 10 Year  (Pfd Plus),3
,,Custom Advantage - 15 Year  (Pfd Plus),4
,,Custom Advantage - 20 Year  (Pfd Plus),5
,,Custom Advantage - 25 Year  (Pfd Plus),6
,,Custom Advantage - 30 Year  (Pfd Plus),7
,,Custom Advantage - 35 Year  (Pfd Plus),8
PRIQ,,Custom Advantage - 35 Year  (age 35+/P+),8
PRJC,PRUJ,Term Elite 10  (NJ/<250K PruXpress ONLY),3
,,Term Elite 15  (NJ/<250K PruXpress ONLY),4
,,Term Elite 20  (NJ/<250K PruXpress ONLY),5
,,PruLife Return of Premium Term 15  (NJ),J
,,PruLife Return of Premium Term 20  (NJ),K
,,PruLife Return of Premium Term 30  (NJ),M
PRJS,,Term Elite 10  (NJ / P+ Best / R+ NS+),3
,,Term Elite 15  (NJ / P+ Best / R+ NS+),4
,,Term Elite 20  (NJ/ P+ Best / R+ NS+),5
,,PruLife ROP 15  (P+ Best / R+ NS+ / NJ),J
,,PruLife ROP 20  (P+ Best / R+ NS+ / NJ),K
,,PruLife ROP 30  (P+ Best / R+ NS+ / NJ),M
PRNI,PRIN,Annually Renewable Term  (2002),1
,,20-Year Term (5 Year Guarantee / IL),5
PRNP,,Annually Renewable Term (Super Pfd/2002),1
,,20-Year Term (5 Year Guar. / Super / IL),5
PROC,PRTC,Level 8 - 8 Year R & C Term,8
PROI,PRIN,ART  (2006),1
,,10-Year Term  (2006),3
,,15-Year Term  (2006),4
,,20-Year Term  (2006),5
,,30-Year Term  (2006),7
PROP,,ART  (Super Pfd / Super Std / 2006),1
,,10-Year Term  (Super Pfd / Super Std/06),3
,,15-Year Term  (Super Pfd / Super Std/06),4
,,20-Year Term  (Super Pfd / Super Std/06),5
,,30-Year Term  (Super Pfd / Super Std/06),7
PRTA,PRTC,Level Term II - 10 Year,3
,,Level Term II - 15 Year,4
,,Level Term II - 20 Year,5
PRTB,,LTII - 10 Year (Pf Select# R+ Std+),3
,,LTII - 15 Year (Pf Select# R+ Std+),4
,,LTII - 20 Year (Pf Select# R+ Std+),5
PRTC,,LTII - 10 Year (P+),3
,,LTII - 15 Year (P+),4
,,LTII - 20 Year (P+),5
PRUC,PRUC,Term Elite 10  (<250K PruXpress ONLY),3
,,Term Elite 15  (<250K PruXpress ONLY),4
,,Term Elite 20  (<250K PruXpress ONLY),5
,,UL Protector with NLG to 121 (250K-999K),8
PRUJ,PROA,Skyline Gold 120  (10 year guarantee),3
,,Skyline Gold 120,8
PRUK,,Skyline Gold 120  (Super Preferred),3
,,Skyline Gold 120  (Super Preferred),8
PRUS,PRUC,Term Elite 10  (P+ Best / R+ NS+),3
,,Term Elite 15  (P+ Best / R+ NS+),4
,,Term Elite 20  (P+ Best / R+ NS+),5
,,UL Protector with NLG   (250K-999K/Plus),8
PRXA,PRTC,Level Term II - 10/5 Year,3
,,Level Term II - 15/5 Year,4
,,Level Term II - 20/5 Year,5
PRXB,,LTII - 10/5 Year (Pf Select# R+ Std+),3
,,LTII - 15/5 Year (Pf Select# R+ Std+),4
,,LTII - 20/5 Year (Pf Select# R+ Std+),5
PRXC,,LTII - 10/5 Year (P+),3
,,LTII - 15/5 Year (P+),4
,,LTII - 20/5 Year (P+),5
PRYI,PRIN,30-Year Term  (NY),7
PRYM,PRIM,Custom Protection Series IV - 10 Year,3
,,Custom Protection Series IV - 15 Year,4
,,Custom Protection Series IV - 20 Year,5
,,Custom Protection Series IV - 25 Year,6
,,Custom Protection Series IV - 30 Year,7
PRYP,PRIN,30-Year Term  (Super Pfd/Std / NY),7
PTCJ,PROT,Protective Centennial G UL,8
PTCK,,Protective Centennial G UL  (Select Pfd),8
PTML,,Protective MultiTerm 10,3
,,Protective MultiTerm 15,4
,,Protective MultiTerm 20,5
,,Protective MultiTerm 30,7
,,Protective Centennial G II UL,8
PTMP,,Protective MultiTerm 10  (Select Pfd),3
,,Protective MultiTerm 15  (Select Pfd),4
,,Protective MultiTerm 20  (Select Pfd),5
,,Protective MultiTerm 30  (Select Pfd),7
,,Protective Centennial G II UL  (Select),8
PVTA,PRTC,Level Term I - 10 Year,3
,,Level Term I - 15 Year,4
,,Level Term I - 20 Year,5
PVTB,,LTI - 10 Year (Pf Select# R+ Std+),3
,,LTI - 15 Year (Pf Select# R+ Std+),4
,,LTI - 20 Year (Pf Select# R+ Std+),5
PVTC,,LTI - 10 Year (P+),3
,,LTI - 15 Year (P+),4
,,LTI - 20 Year (P+),5
PVXA,,Level Term I - 10/5 Year,3
,,Level Term I - 15/5 Year,4
,,Level Term I - 20/5 Year,5
PVXB,,LTI - 10/5 Year (Pf Select# R+ Std+),3
,,LTI - 15/5 Year (Pf Select# R+ Std+),4
,,LTI - 20/5 Year (Pf Select# R+ Std+),5
PVXC,,LTI - 10/5 Year (P+),3
,,LTI - 15/5 Year (P+),4
,,LTI - 20/5 Year (P+),5
PXJC,PRUJ,Term Essential 10 (NJ/<250K PruXpress),3
,,Term Essential 15 (NJ/<250K PruXpress),4
,,Term Essential 20 (NJ/<250K PruXpr ONLY),5
,,Term Essential 30 (NJ/<250K PruXpress),7
PXJS,,Term Essential 10 (NJ / P+ Best /R+ NS+),3
,,Term Essential 15 (NJ /P+ Best / R+ NS+),4
,,Term Essential 20 (NJ /P+ Best / R+ NS+),5
,,Term Essential 30 (NJ /P+ Best / R+ NS+),7
PYDC,PRUC,Term Essential 30 (MD/<250K PruXpress),7
PYDS,,Term Essential 30 (MD /P+ Best / R+ NS+),7
PYRA,PYRA,Annual Renewable Term,1
PYYC,PRUJ,Term Essential 10 (NY/<250K PruXpress),3
,,Term Essential 15 (NY/<250K PruXpress),4
,,Term Essential 20 (NY/<250K PruXpr ONLY),5
,,Term Essential 30 (NY/<250K PruXpress),7
,,UL Protector with NLG to 121  (1000K+),8
PYYS,,Term Essential 10 (NY /P+ Best / R+ NS+),3
,,Term Essential 15 (NY /P+ Best / R+ NS+),4
,,Term Essential 20 (NY /P+ Best / R+ NS+),5
,,Term Essential 30 (NY /P+ Best / R+ NS+),7
,,UL Protector with NLG   (1000K / Plus),8
RDTP,RELL,TermSmart 10 - (P+ Super / R+ Select),3
,,TermSmart 15 - (P+ Super / R+ Select),4
,,TermSmart 20 - (P+ Super / R+ Select),5
,,TermSmart 30 - (P+ Super / R+ Select),7
,,ING ROP Term - 15 Basic  (P+/R+),J
,,ING ROP Term - 20 Basic  (P+/R+),K
,,ING ROP Term - 30 Basic  (P+/R+),M
RDTS,,TermSmart 10 - 10 Year Term,3
,,TermSmart 15 - 15 Year Term,4
,,TermSmart 20 - 20 Year Term,5
,,TermSmart 30 - 30 Year Term,7
,,ING ROP Term - 15 Basic,J
,,ING ROP Term - 20 Basic,K
,,ING ROP Term - 30 Basic,M
RELI,RELI,10 Year Renewable and Convertible Term,3
RFNS,RELR,TermSmart 10 - 10 Year Term,3
,,TermSmart 15 - 15 Year Term,4
,,TermSmart 20 - 20 Year Term,5
,,TermSmart 30 - 30 Year Term,7
,,ING Guaranteed Death Benefit UL,8
,,ING ROP Term - 15 Basic,J
,,ING ROP Term - 20 Basic,K
,,ING ROP Term - 30 Basic,M
RFNT,,TermSmart 10 - (P+ Super / R+ Select),3
,,TermSmart 15 - (P+ Super / R+ Select),4
,,TermSmart 20 - (P+ Super / R+ Select),5
,,TermSmart 30 - (P+ Super / R+ Select),7
,,ING Guaranteed Death Benefit UL  (Plus),8
,,ING ROP Term - 15 Basic  (P+/R+),J
,,ING ROP Term - 20 Basic  (P+/R+),K
,,ING ROP Term - 30 Basic  (P+/R+),M
ROTP,RELL,TermSmart 10 - (P+ Super / R+ Select/OR),3
,,TermSmart 15 - (P+ Super / R+ Select/OR),4
,,TermSmart 20 - (P+ Super / R+ Select/OR),5
,,TermSmart 30 - (P+ Super / R+ Select/OR),7
,,ING ROP Term - 15 Enhanced  (P+/R+),J
,,ING ROP Term - 20 Enhanced  (P+/R+),K
,,ING ROP Term - 30 Enhanced  (P+/R+),M
ROTS,,TermSmart 10 - 10 Year Term  (OR),3
,,TermSmart 15 - 15 Year Term  (OR),4
,,TermSmart 20 - 20 Year Term  (OR),5
,,TermSmart 30 - 30 Year Term  (OR),7
,,ING ROP Term - 15 Enhanced,J
,,ING ROP Term - 20 Enhanced,K
,,ING ROP Term - 30 Enhanced,M
ROYA,ROYA,Royal Advantage 10 - 10 Year Level Term,3
,,Royal Advantage 20 - 20 Year Level Term,5
,,Royal Advantage 30 - 30 Year Level Term,7
,,Royal Advantage 10 - 10 Year with ROP,I
,,Royal Advantage 20 - 20 Year with ROP,K
,,Royal Advantage 30 - 30 Year with ROP,M
ROYP,,Royal Advantage 10 - 10 Year  (Super),3
,,Royal Advantage 20 - 20 Year  (Super),5
,,Royal Advantage 30 - 30 Year  (Super),7
,,Royal Advantage 10 with ROP  (Super),I
,,Royal Advantage 20 with ROP  (Super),K
,,Royal Advantage 30 with ROP  (Super),M
RWTP,RELL,TermSmart 10 - (P+ Super / R+ Select/WA),3
,,TermSmart 15 - (P+ Super / R+ Select/WA),4
,,TermSmart 20 - (P+ Super / R+ Select/WA),5
RWTS,,TermSmart 10 - 10 Year Term  (WA),3
,,TermSmart 15 - 15 Year Term  (WA),4
,,TermSmart 20 - 20 Year Term  (WA),5
RYNS,RELR,ING ROP Term - 15 Enhanced,J
,,ING ROP Term - 20 Enhanced,K
,,ING ROP Term - 30 Enhanced,M
RYNT,,ING ROP Term - 15 Enhanced  (P+/R+),J
,,ING ROP Term - 20 Enhanced  (P+/R+),K
,,ING ROP Term - 30 Enhanced  (P+/R+),M
SAFB,SYME,10 Year Level Term  (Pfd Best / 2002),3
,,15 Year Level Term  (Pfd Best / 2002),4
,,20 Year Level Term  (Pfd Best / 2002),5
,,30 Year Level Term  (Pfd Best / 2002),7
SAFE,,Expert-ART (Non-Smoker),1
,,10 Year Level Term  (2002),3
,,15 Year Level Term  (2002),4
,,20 Year Level Term  (2002),5
,,30 Year Level Term  (2002),7
SAFP,,10 Year Level Term  (Pfd Plus / 2002),3
,,15 Year Level Term  (Pfd Plus / 2002),4
,,20 Year Level Term  (Pfd Plus / 2002),5
,,30 Year Level Term  (Pfd Plus / 2002),7
SAFS,,Expert-ART (Smoker),1
SAGI,SAGI,Platinum Series 20,5
,,Platinum Series 30,7
,,Platinum Series 20 with ROP,K
,,Platinum Series 30 with ROP,M
SAGP,,Platinum Series 20  (Super Pfd),5
,,Platinum Series 30  (Super Pfd),7
,,Platinum Series 20 with ROP  (Super Pfd),K
,,Platinum Series 30 with ROP  (Super Pfd),M
SAVE,SAVE,T-10/10 - 10 Year Term Guaranteed 10,3
,,T-15/15 - 15 Year Term Guaranteed 15,4
,,T-20/20 - 20 Year Term Guaranteed 20,5
,,T-25/25 - 25 Year Term Guaranteed 25,6
,,T-30/30 - 30 Year Term Guaranteed 30,7
SAVP,,T-10/10 - 10 Year (P+ / R+),3
,,T-15/15 - 15 Year (P+ / R+),4
,,T-20/20 - 20 Year (P+ / R+),5
,,T-25/25 - 25 Year (P+ / R+),6
,,T-30/30 - 30 Year (P+ / R+),7
SEDE,SEDE,ING Guaranteed Death Benefit UL,8
SEDP,,ING Guaranteed Death Benefit UL  (Plus),8
SETE,,ING Guaranteed Death Benefit UL II,8
SETP,,ING Guaranteed Death Benefit UL II  Plus,8
SHEL,SHEN,Shenandoah Term 10,3
,,Shenandoah Term 15,4
,,Shenandoah Term 20,5
,,Shenandoah Term 25,6
,,Shenandoah Term 30,7
,,Shenandoah Term 15  (with ROP),J
,,Shenandoah Term 20  (with ROP),K
,,Shenandoah Term 25  (ROP),L
,,Shenandoah Term 30  (with ROP),M
SHEM,,Shenandoah Term 10  (Super Preferred),3
,,Shenandoah Term 15  (Super Preferred),4
,,Shenandoah Term 20  (Super Preferred),5
,,Shenandoah Term 25  (Super Preferred),6
,,Shenandoah Term 30  (Super Preferred),7
,,Shenandoah Term 15  (Super Preferred),J
,,Shenandoah Term 20  (Super Preferred),K
,,Shenandoah Term 25  (Super Preferred),L
,,Shenandoah Term 30  (Super Preferred),M
SHEN,,Annual Renewable Term Insurance,1
SHES,,Shenandoah Term 10  (Select Tobacco),3
,,Shenandoah Term 15  (Select Tobacco),4
,,Shenandoah Term 20  (Select Tobacco),5
,,Shenandoah Term 25  (Select Tobacco),6
,,Shenandoah Term 30  (Select Tobacco),7
,,Shenandoah Term 15  (Select Tobacco),J
,,Shenandoah Term 20  (Select Tobacco),K
,,Shenandoah Term 25  (Select Tobacco),L
,,Shenandoah Term 30  (Select Tobacco),M
SHML,,10-Year Mortage Protector,3
,,15-Year Mortage Protector,4
,,20-Year Mortage Protector,5
,,25-Year Mortage Protector,6
,,30-Year Mortage Protector,7
,,15-Year Mortage Protector (with ROP),J
,,20-Year Mortage Protector (with ROP),K
,,25-Year Mortage Protector (with ROP),L
,,30-Year Mortage Protector (with ROP),M
SHMM,,10-Year Mortage Protector  (Select Tob.),3
,,15-Year Mortage Protector  (Select Tob.),4
,,20-Year Mortage Protector  (Select Tob.),5
,,25-Year Mortage Protector  (Select Tob.),6
,,30-Year Mortage Protector  (Select Tob.),7
,,15-Year Mortage Protector  (Select Tob.),J
,,20-Year Mortage Protector  (Select Tob.),K
,,25-Year Mortage Protector  (Select Tob.),L
,,30-Year Mortage Protector  (Select Tob.),M
SMGP,SEMU,Premier LT 10-Year  (P+),3
,,Premier LT 15-Year  (P+),4
,,Premier LT 20-Year  (P+),5
SMGT,,Premier LT 10-Year,3
,,Premier LT 15-Year,4
,,Premier LT 20-Year,5
SMMP,,Premier LT Suite 10-Year  (P+ / 4/2007),3
,,Premier LT Suite 15-Year  (P+),4
,,Premier LT Suite 20-Year  (P+ / 4/2007),5
SMMT,,Premier LT Suite 10-Year  (4/2007),3
,,Premier LT Suite 15-Year,4
,,Premier LT Suite 20-Year  (4/2007),5
SMTP,,Premier LT Extra 10-Year  (P+ / 4/2007),3
,,Premier LT Extra 15-Year  (P+),4
,,Premier LT Extra 20-Year  (P+ / 4/2007),5
SMTT,,Premier LT Extra 10-Year  (4/2007),3
,,Premier LT Extra 15-Year,4
,,Premier LT Extra 20-Year  (4/2007),5
SNMP,,Premier LT Suite 10-Year  (P+),3
,,Premier LT Suite 20-Year  (P+),5
SNMT,,Premier LT Suite 10-Year,3
,,Premier LT Suite 20-Year,5
SNTP,,Premier LT Extra 10-Year  (P+),3
,,Premier LT Extra 20-Year  (P+),5
SNTT,,Premier LT Extra 10-Year,3
,,Premier LT Extra 20-Year,5
STOE,STON,Stonebridge Term - 10  (Pfd. Elite),3
,,Stonebridge Term - 15  (Pfd. Elite),4
,,Stonebridge Term - 20  (Pfd. Elite),5
,,Stonebridge Term - 30  (Pfd. Elite),7
,,Stonebridge Term - 20  (Pfd. Elite/ROP),K
,,Stonebridge Term - 30  (Pfd. Elite/ROP),M
STON,,Stonebridge Term - 10 Year,3
,,Stonebridge Term - 15 Year,4
,,Stonebridge Term - 20 Year,5
,,Stonebridge Term - 30 Year,7
,,Stonebridge Term - 20 Year with ROP,K
,,Stonebridge Term - 30 Year with ROP,M
STOP,,Stonebridge Term - 10  (Pfd. Plus),3
,,Stonebridge Term - 15  (Pfd. Plus),4
,,Stonebridge Term - 20  (Pfd. Plus),5
,,Stonebridge Term - 30  (Pfd. Plus),7
,,Stonebridge Term - 20  (Pfd. Plus/ROP),K
,,Stonebridge Term - 30  (Pfd. Plus/ROP),M
SUNL,SUNL,Sun Universal Protector,8
SUNP,,Sun Universal Protector  (Super Pfd),8
SUNS,SUNS,Select Term to 95 Plus,1
SUSN,,Term 10 - 10 Year Term,3
,,Term 20 - 20 Year Term,5
SUSP,,Preferred Elite Term 10,3
,,Preferred Elite Term 20,5
SYMB,SYME,10 Year Level Term  (Preferred Best),3
,,15 Year Level Term  (Preferred Best),4
,,20 Year Level Term  (Preferred Best),5
,,30 Year Level Term  (Preferred Best),7
SYME,,10 Year Level Term,3
,,15 Year Level Term,4
,,20 Year Level Term,5
,,30 Year Level Term,7
SYMP,,10 Year Level Term  (Preferred Plus),3
,,15 Year Level Term  (Preferred Plus),4
,,20 Year Level Term  (Preferred Plus),5
,,30 Year Level Term  (Preferred Plus),7
SYNL,SUNN,Sun Universal Protector,8
SYNP,,Sun Universal Protector  (Super Pfd),8
SYOB,SYME,10 Year Level Term  (Pfd Best / OR & WA),3
,,15 Year Level Term  (Pfd Best / OR & WA),4
,,20 Year Level Term  (Pfd Best / OR & WA),5
,,30 Year Level Term  (Pfd Best / OR & WA),7
SYOE,,10 Year Level Term  (OR & WA),3
,,15 Year Level Term  (OR & WA),4
,,20 Year Level Term  (OR & WA),5
,,30 Year Level Term  (OR & WA),7
SYOP,,10 Year Level Term  (Pfd Plus / OR & WA),3
,,15 Year Level Term  (Pfd Plus / OR & WA),4
,,20 Year Level Term  (Pfd Plus / OR & WA),5
,,30 Year Level Term  (Pfd Plus / OR & WA),7
TEUX,TEXA,PureLife-PLUS -Guaranteed Level to 100,8
TFNA,TRAN,Final Expense Insurance,8
TIAA,TIAA,Annual Renewable Term Life Insurance,1
,,10-Year Level Term,3
,,15-Year Level Term,4
,,20-Year Level Term,5
,,30-Year Level Term,7
TIAP,,Annual Renewable Term  (Preferred Plus),1
,,10-Year Level Term  (Preferred Plus),3
,,15-Year Level Term  (Preferred Plus),4
,,20-Year Level Term  (Preferred Plus),5
,,30-Year Level Term  (Preferred Plus),7
TINA,,Annual Renewable Term Life  (NY),1
,,10-Year Level Term  (NY),3
,,15-Year Level Term  (NY),4
,,20-Year Level Term  (NY),5
,,30-Year Level Term  (NY),7
TINP,,Annual Renewable Term  (Pref Plus / NY),1
,,10-Year Level Term  (Pref Plus / NY),3
,,15-Year Level Term  (Pref Plus / NY),4
,,20-Year Level Term  (Pref Plus / NY),5
,,30-Year Level Term  (Pref Plus / NY),7
TOCA,TRAN,Trendsetter Super YRT,1
,,Trendsetter Super 10,3
,,Trendsetter Super 15,4
,,Trendsetter Super 20,5
,,Trendsetter Super 25,6
,,Trendsetter Super 30,7
TOCP,,Trendsetter Super YRT  (Plus),1
,,Trendsetter Super 10 (Preferred Plus),3
,,Trendsetter Super 15 (Preferred Plus),4
,,Trendsetter Super 20 (Preferred Plus),5
,,Trendsetter Super 25  (Preferred Plus),6
,,Trendsetter Super 30  (Preferred Plus),7
TOCS,,Trendsetter Super 10 (Standard Plus),3
,,Trendsetter Super 15 (Standard Plus),4
,,Trendsetter Super 20 (Standard Plus),5
,,Trendsetter Super 25  (Standard Plus),6
,,Trendsetter Super 30  (Standard Plus),7
TRCA,,Trendsetter Super YRT  (MD),1
,,Trendsetter Super 10 (MA),3
,,Trendsetter Super 15 (MA),4
,,Trendsetter Super 20 (MA),5
,,Trendsetter Super 25 (MA),6
,,Trendsetter Super 30 (MA),7
,,Trendsetter ROP 30,M
TRCP,,Trendsetter Super YRT  (Plus / MD),1
,,Trendsetter Super 10 (P+/MA),3
,,Trendsetter Super 15 (P+/MA),4
,,Trendsetter Super 20 (P+/MA),5
,,Trendsetter Super 25 (P+/MA),6
,,Trendsetter Super 30 (P+/MA),7
,,Trendsetter ROP 30  (Preferred Plus),M
TRCS,,Trendsetter Super 10 (S+/MA),3
,,Trendsetter Super 15 (S+/MA),4
,,Trendsetter Super 20 (S+/MA),5
,,Trendsetter Super 25 (S+/MA),6
,,Trendsetter Super 30 (S+/MA),7
,,Trendsetter ROP 30  (Standard Plus),M
TRSU,TRUS,Ten Year Term - Renewable,3
TRTU,,TermNet 10-Year Term,3
TRUT,,TermNet 5-Year Term,2
,,TermNet 15-Year Term,4
TWNA,TRAN,Final Expense Insurance  (WA),8
TYSA,TRAF,Trendsetter Super 10,3
,,Trendsetter Super 15,4
,,Trendsetter Super 20,5
,,Trendsetter Super 30,7
TYSP,,Trendsetter Super 10 (Preferred Plus),3
,,Trendsetter Super 15 (Preferred Plus),4
,,Trendsetter Super 20 (Preferred Plus),5
,,Trendsetter Super 30  (Preferred Plus),7
TYSS,,Trendsetter Super 10 (Standard Plus),3
,,Trendsetter Super 15 (Standard Plus),4
,,Trendsetter Super 20 (Standard Plus),5
,,Trendsetter Super 30  (Standard Plus),7
UINA,UTIV,VITALife ART - 1 Year Term,1
,,VITALife 10L - 10 Year Term,3
UINV,,15-Year Select,4
UIVN,,VITALife III Plus - 1 Year Term,1
,,10-Year Select,3
UNII,UTIN,10 Year Term# Renewable and Convertible,3
UNLI,UNLA,Annual Renewable Term,1
UNYN,UNCE,Keystone Term 1  (NY),1
UNYS,,Keystone Term 1  (P+ / R+ Select) (NY),1
UNZP,,Keystone Term 10  (P+ / R+ Select) (NY),3
,,Keystone Term 15  (P+ / R+ Select) (NY),4
,,Keystone Term 20  (P+ / R+ Select) (NY),5
,,Keystone Term 30  (P+ / R+ Select) (NY),7
UNZY,,Keystone Term 10  (NY),3
,,Keystone Term 15  (NY),4
,,Keystone Term 20  (NY),5
,,Keystone Term 30  (NY),7
USES,UTSU,Select-a-Term 10    (Special),8
USFS,,Select-a-Term 15    (Special),8
USGS,,Select-a-Term 20    (Special),8
USHS,,Select-a-Term 25    (Special),8
USIS,,Select-a-Term 30    (Special),8
USYD,UTST,Select-a-Term - 10 Year,3
,,Select-a-Term - 15 Year,4
,,Select-a-Term - 20 Year,5
,,Select-a-Term - 25 Year,6
,,Select-a-Term - 30 Year,7
,,Select-a-Term - Level to 65,T
,,Select-a-Term - Level to 70,U
,,Select-a-Term - Level to 75,V
USYE,,Select-a-Term - 10 Year  (Plus),3
,,Select-a-Term - 15 Year  (Plus),4
,,Select-a-Term - 20 Year  (Plus),5
,,Select-a-Term - 25 Year  (Plus),6
,,Select-a-Term - 30 Year  (Plus),7
,,Select-a-Term - Level to 65  (Plus),T
,,Select-a-Term - Level to 70  (Plus),U
,,Select-a-Term - Level to 75  (Plus),V
UTAG,UTSU,Select-a-Term - 12 Year,8
UTAH,,Select-a-Term - 12 Year  (Plus),8
UTBG,,Select-a-Term - 16 Year,8
UTBH,,Select-a-Term - 16 Year  (Plus),8
UTCG,UTST,LTG Ultra-C NY -10 Year,3
,,LTG Ultra-C NY -15 Year,4
,,LTG Ultra-C NY -20 Year,5
,,LTG Ultra-C NY -30 Year,7
,UTSU,Select-a-Term - 17 Year,8
UTCH,UTST,LTG Ultra-C NY -10 Year (Plus),3
,,LTG Ultra-C NY -15 Year (Plus),4
,,LTG Ultra-C NY -20 Year (Plus),5
,,LTG Ultra-C NY -30 Year (Plus),7
,UTSU,Select-a-Term - 17 Year  (Plus),8
UTCP,UTOM,Term Life Complete - 30 Year,7
,,Term Life Complete - 30 Year,M
UTDG,UTSU,Select-a-Term - 18 Year,8
UTDH,,Select-a-Term - 18 Year  (Plus),8
UTEG,,Select-a-Term - 19 Year,8
UTEH,,Select-a-Term - 19 Year  (Plus),8
UTEP,UTOM,Term Life Express - 15 Year,4
,,Term Life Express - 30 Year,7
,,Term Life Express - 15 Year with ROP,J
,,Term Life Express - 30 Year with ROP,M
UTES,UTSU,LTG Ultra-C NY -10 Year  (Special),8
UTFG,,Select-a-Term - 21 Year,8
,,ROP Select-a-Term - 21 Year,N
UTFH,,Select-a-Term - 21 Year  (Plus),8
,,ROP Select-a-Term - 21 Year  (Plus),N
UTFS,,LTG Ultra-C NY -15 Year  (Special),8
UTGC,UNCE,Keystone Term 1,1
,,Keystone Term 10,3
,,Keystone Term 15,4
,,Keystone Term 20,5
,,Keystone Term 30,7
UTGG,UTSU,Select-a-Term - 22 Year,8
,,ROP Select-a-Term - 22 Year,N
UTGH,,Select-a-Term - 22 Year  (Plus),8
,,ROP Select-a-Term - 22 Year  (Plus),N
UTGP,UNCE,Keystone Term 1  (P+ / R+ Select),1
,,Keystone Term 10  (P+ / R+ Select),3
,,Keystone Term 15  (P+ / R+ Select),4
,,Keystone Term 20  (P+ / R+ Select),5
,,Keystone Term 30  (P+ / R+ Select),7
UTGS,UTSU,LTG Ultra-C NY -20 Year  (Special),8
UTHE,UTHE,ART100 - Annual Renewable Term,1
UTHG,UTSU,Select-a-Term - 23 Year,8
,,ROP Select-a-Term - 23 Year,N
UTHH,,Select-a-Term - 23 Year  (Plus),8
,,ROP Select-a-Term - 23 Year  (Plus),N
UTHO,UTHO,Express Issue Term 20,5
,,Express Issue Term 30,7
,,Premier Term 20  (with ROP),K
,,Premier Term 30  (with ROP),M
UTHS,UTSU,LTG Ultra-C NY -30 Year  (Special),8
UTIC,UNCE,Keystone Term 15       (CA# IN# OR# PA),4
,,Keystone Term 20       (CA# IN# OR# PA),5
,,Keystone Term 30       (CA# IN# OR# PA),7
UTIG,UTSU,Select-a-Term - 24 Year,8
,,ROP Select-a-Term - 24 Year,N
UTIH,,Select-a-Term - 24 Year  (Plus),8
,,ROP Select-a-Term - 24 Year  (Plus),N
UTIP,UNCE,Keystone Term 15  (P+/R+) (CA#IN#PA&OR),4
,,Keystone Term 20  (P+/R+) (CA#IN#OR#PA),5
,,Keystone Term 30  (P+/R+) (CA#IN#PA#OR),7
UTIS,UTSU,ROPTerm NY -15 Year  (Special / 2006),8
UTJG,,Select-a-Term - 26 Year,8
,,ROP Select-a-Term - 26 Year,N
UTJH,,Select-a-Term - 26 Year  (Plus),8
,,ROP Select-a-Term - 26 Year  (Plus),N
UTJS,,ROPTerm NY -20 Year  (Special / 2006),8
UTKG,,Select-a-Term - 27 Year,8
,,ROP Select-a-Term - 27 Year,N
UTKH,,Select-a-Term - 27 Year  (Plus),8
,,ROP Select-a-Term - 27 Year  (Plus),N
UTLG,,Select-a-Term - 28 Year,8
,,ROP Select-a-Term - 28 Year,N
UTLH,,Select-a-Term - 28 Year  (Plus),8
,,ROP Select-a-Term - 28 Year  (Plus),N
UTMG,,Select-a-Term - 29 Year,8
,,ROP Select-a-Term - 29 Year,N
UTMH,,Select-a-Term - 29 Year  (Plus),8
,,ROP Select-a-Term - 29 Year  (Plus),N
UTMP,UTOM,Mortgage Term Plus - 15 Year,4
UTNG,UTSU,ROP Select-a-Term - 31 Year,N
UTNH,,ROP Select-a-Term - 31 Year  (Plus),N
UTOG,,ROP Select-a-Term - 32 Year,N
UTOH,,ROP Select-a-Term - 32 Year  (Plus),N
UTPG,,ROP Select-a-Term - 33 Year,N
UTPH,,ROP Select-a-Term - 33 Year  (Plus),N
UTPP,UTOM,Term Life 10 - 10 Year Term,3
,,Term Life 15 - 15 Year Term,4
,,Term Life 20 - 20 Year Term,5
,,Term Life 30 - 30 Year Term,7
,,GUL Complete - Guaranteed to 120,8
UTPQ,,Term Life 10  (Plus),3
,,Term Life 15  (Plus),4
,,Term Life 20  (Plus),5
,,Term Life 30  (Plus),7
,,GUL Complete - Guaranteed to 120  (Plus),8
UTQG,UTSU,ROP Select-a-Term - 34 Year,N
UTQH,,ROP Select-a-Term - 34 Year  (Plus),N
UTRG,,ROP Select-a-Term - 35 Year,N
UTRH,,ROP Select-a-Term - 35 Year  (Plus),N
UTVP,UTOM,Priority Max GUL - Guaranteed to 120,8
UTVQ,,Priority Max GUL - Gtd to 120 (Plus),8
UTYD,UTST,ROP Select-a-Term - 15 Year,J
,,ROP Select-a-Term - 20 Year,K
,,ROP Select-a-Term - 25 Year,L
,,ROP Select-a-Term - 30 Year,M
,,ROP Select-a-Term - Level to 65,W
,,ROP Select-a-Term - Level to 70,X
,,ROP Select-a-Term - Level to 75,Y
UTYE,,ROP Select-a-Term - 15 Year  (Plus),J
,,ROP Select-a-Term - 20 Year  (Plus),K
,,ROP Select-a-Term - 25 Year  (Plus),L
,,ROP Select-a-Term - 30 Year  (Plus),M
,,ROP Select-a-Term - Level to 65  (Plus),W
,,ROP Select-a-Term - Level to 70  (Plus),X
,,ROP Select-a-Term - Level to 75  (Plus),Y
WCJJ,WECO,Focus Term 10 - 10 Year,3
,,Focus Term 15 - 15 Year,4
,,Focus Term 20 - 20 Year,5
,,Focus Term 25 - 25 Year,6
,,Focus Term 30 - 30 Year,7
,,LifeTime Platinum III,8
WCJK,,Focus Term 10 - 10 Year  (Super Pfd),3
,,Focus Term 15 - 15 Year  (Super Pfd),4
,,Focus Term 20 - 20 Year  (Super Pfd),5
,,Focus Term 25 - 25 Year  (Super Pfd),6
,,Focus Term 30 - 30 Year  (Super Pfd),7
,,LifeTime Platinum III  (Super Preferred),8
WDUJ,,LifeTime Platinum II,8
WDUK,,LifeTime Platinum II  (Super Preferred),8
WESP,WEST,10-Year Level Term  (Preferred Plus),3
,,15-Year Level Term  (Preferred Plus),4
,,20-Year Level Term  (Preferred Plus),5
,,30-Year Level Term  (Preferred Plus),7
,,Return of Premium 20-Year (Pfd Plus),K
WESS,,10-Year Level Term  (Super Preferred),3
,,15-Year Level Term  (Super Preferred),4
,,20-Year Level Term  (Super Preferred),5
,,30-Year Level Term  (Super Preferred),7
,,Return of Premium 20-Year (Super Pfd),K
WEST,,10-Year Guaranteed Level Term,3
,,15-Year Guaranteed Level Term,4
,,20-Year Guaranteed Level Term,5
,,30-Year Guaranteed Level Term,7
,,Return of Premium Term - 20-Year,K
WILP,WILP,Penn Term 10  (Plus),3
,,Penn Term 15  (Plus),4
,,Penn Term 20  (Plus),5
,,Penn Term 30  (Plus),7
WILR,,Penn Term 10,3
,,Penn Term 15,4
,,Penn Term 20,5
,,Penn Term 30,7
WOMA,WOMA,Ten Year Renewable and Convertible Term,3
,,Twenty Year Convertible Term,5
WOMP,,Ten Year R & C Term  (Preferred Plus),3
,,Twenty Year Convertible Term  (Pfd Plus),5
WTRE,WERE,WRL TermPlus - 10 Year,3
,,WRL TermPlus - 15 Year,4
,,WRL TermPlus - 20 Year,5
,,WRL TermPlus - 30 Year,7
,,WRL TermPlus with ROP - 20 Year,K
,,WRL TermPlus with ROP - 30 Year,M
WTRP,,WRL TermPlus - 10 Year  (Pfd Plus),3
,,WRL TermPlus - 15 Year  (Pfd Plus),4
,,WRL TermPlus - 20 Year  (Pfd Plus),5
,,WRL TermPlus - 30 Year  (Pfd Plus),7
,,WRL TermPlus with ROP - 20 Year  (Pfd+),K
,,WRL TermPlus with ROP - 30 Year  (Pfd+),M
WTRS,,WRL TermPlus - 10 Year  (Pfd Elite),3
,,WRL TermPlus - 15 Year  (Pfd Elite),4
,,WRL TermPlus - 20 Year  (Pfd Elite),5
,,WRL TermPlus - 30 Year  (Pfd Elite),7
,,WRL TermPlus with ROP - 20 Year  (Elite),K
,,WRL TermPlus with ROP - 30 Year  (Elite),M
WTSP,WEST,eTerm 20 - Level Term  (Preferred Plus),5
,,eTerm 30 - Level Term  (Preferred Plus),7
WTSS,,eTerm 20 - Level Term  (Super Preferred),5
,,eTerm 30 - Level Term  (Super Preferred),7
WTST,,eTerm 20 - Guaranteed Level Term,5
,,eTerm 30 - Guaranteed Level Term,7
WUNN,WILP,Penn Advantra-U/L W/20 Year Guar. (Plus),5
,,Longevity UL 100 - Gtd to 100 (Plus),8
WUNS,,Penn Advantra-U/L W/20 Year Guarantee,5
,,Longevity UL 100 - Guaranteed to 100,8
